Displacement Into Surface,Load On Sample,Harmonic Contact Stiffness,Harmonic Displacement,Harmonic Load
nm,mN,N/m,nm,uN
0,0,290.9871696,0.375012089,2.205994437
-0.062676714,0.000349226,1718.058669,0.30428804,2.246481433
0.504159726,0.000655383,4961.937534,0.237493102,2.297910909
0.36196118,0.001010049,7753.459921,0.207806465,2.33183244
0.311358462,0.001358449,11466.376,0.183358646,2.377790654
0.384826458,0.001698361,13423.9194,0.168515326,2.408429477
0.277600865,0.002050635,15584.11358,0.154545144,2.439068271
0.49429143,0.002380748,18077.53779,0.140574961,2.486120753
0.407050381,0.002731654,18967.9259,0.137082416,2.515665317
0.408074403,0.003076522,19933.42959,0.133153302,2.56052929
0.51901342,0.00341387,20513.25655,0.130970461,2.596639325
0.688240691,0.00374723,21505.94778,0.129660756,2.701686702
0.512734571,0.004104175,22908.01311,0.127477915,2.842844064
0.578708363,0.0044446,24170.83694,0.124421937,2.936948998
0.546424811,0.004791746,25241.03241,0.124858506,3.075917891
0.917726654,0.005076787,25910.40101,0.125295073,3.16892861
0.849074037,0.005458114,26593.07661,0.127477914,3.307897505
0.801802388,0.005803618,27500.73576,0.126604778,3.400908173
0.960205007,0.006135051,28514.88892,0.126604778,3.540971336
1.104451907,0.006467451,29044.78192,0.127041345,3.632887791
0.93977106,0.006820988,29618.67279,0.12835105,3.743406355
0.937464635,0.007163416,31747.72671,0.130533891,4.076056309
1.045905894,0.007498266,32800.24474,0.132716732,4.271925877
1.160175977,0.007832717,34574.20485,0.134899573,4.565183104
0.94470108,0.008189729,35582.94303,0.136645846,4.761052622
1.015671318,0.008527143,37373.13843,0.137955551,5.055404076
1.072485837,0.008865526,38353.53575,0.139265255,5.251273644
0.944443321,0.009216556,39319.87436,0.142757801,5.542342334
0.676508995,0.009577157,39518.86159,0.146686916,5.734929109
0.990624522,0.009897936,40288.47065,0.151052597,6.024903646
0.915041435,0.010245377,40298.63959,0.156291415,6.248129253
0.953536788,0.010585013,41207.41524,0.161966802,6.637679883
1.083627571,0.010921803,41879.40473,0.171134734,7.164010939
1.104636846,0.011259214,41998.77067,0.177683257,7.484624247
1.272199048,0.01159002,42632.53362,0.185978052,7.966091342
1.26073304,0.011933073,42870.22199,0.192526575,8.283421902
1.1268617,0.012284502,43187.00447,0.199075098,8.600752416
1.364369805,0.012610521,42944.41777,0.212608711,9.086596522
1.141400705,0.012968045,42548.80921,0.223522917,9.432377345
1.244845827,0.013303237,41844.40545,0.238802804,9.887582571
1.330804473,0.013639625,41894.46476,0.250153576,10.35263605
1.671566453,0.013955159,41975.58705,0.260631211,10.79689893
1.076384821,0.01434157,42230.56679,0.269362578,11.21489965
1.580353516,0.014649359,42360.57128,0.285079031,11.88567103
1.518093459,0.014995887,42231.89023,0.295993236,12.29272949
1.260151009,0.015359225,41815.77682,0.313892534,12.89237474
1.316132838,0.015697663,41470.24691,0.326989579,13.3125642
1.050696581,0.016058093,41259.67994,0.344015741,13.92971729
1.251566755,0.016383199,41121.67876,0.354929944,14.32145651
1.204295105,0.016728702,40696.61735,0.373265809,14.89812266
0.944687673,0.017088733,40445.11302,0.381560606,15.1355734
1.294608841,0.017407063,40204.73154,0.403389014,15.91248629
0.910930697,0.017775582,39775.19157,0.419105472,16.35784307
1.201730922,0.018097956,38950.74181,0.444862993,17.00782382
1.057867309,0.018450069,38199.64727,0.4653817,17.45536919
0.934820929,0.018800757,37201.85282,0.49463177,18.07361665
0.763478566,0.01915475,36346.68032,0.518643023,18.5222562
1.155866892,0.019470174,35581.17609,0.540907997,18.91071292
1.053637746,0.019819437,34385.4617,0.577143159,19.49941567
0.75905736,0.020181862,33544.94874,0.603337254,19.88568341
0.598539959,0.020535115,32564.56014,0.634770167,20.30258994
0.94762844,0.020853501,31150.30147,0.684102369,20.91974344
0.546463816,0.021223218,30333.80773,0.71422558,21.26661828
0.967163581,0.021536705,29168.37605,0.760938372,21.78857262
0.552675928,0.021907334,28416.59445,0.792371289,22.10371438
0.681934421,0.022240761,27690.12981,0.824240765,22.40681986
0.538903496,0.022592818,26656.23486,0.873572975,22.86093072
0.777244294,0.022918781,25932.64848,0.909808132,23.1695075
0.384406562,0.023287929,25232.44568,0.946479867,23.46276437
0.883379127,0.023596061,24503.11055,0.985334428,23.73413719
0.47305492,0.023966405,23786.75962,1.026371847,24.02520549
1.101927023,0.02426565,23152.39424,1.065662973,24.30533227
0.793190918,0.024629043,22386.59977,1.117178027,24.66314962
0.906628313,0.024963552,21988.49136,1.147301231,24.89841205
0.657845841,0.025322843,21741.33937,1.170875919,25.14571077
0.65054328,0.025665613,21533.63186,1.192267761,25.39082127
1.016285547,0.025982861,21220.30908,1.223264095,25.73003701
1.138882525,0.026316743,21033.10112,1.24334623,25.95982821
1.190700907,0.026655467,20905.49018,1.260372388,26.19180784
0.635488755,0.027035723,20921.67847,1.269540333,26.44457756
0.725610849,0.027371828,20895.82803,1.281327673,26.69953626
1.160466332,0.027684346,20893.18634,1.291368731,26.95996662
1.05240836,0.028034009,20900.20461,1.303592643,27.30903012
1.249114689,0.028362821,20891.54932,1.312324003,27.53663291
1.135227892,0.028712882,20774.17386,1.326294188,27.73031383
1.060477494,0.029060266,20646.26186,1.341137509,27.92946607
1.037353836,0.029404118,20520.7406,1.359473374,28.23147712
1.195756455,0.02973555,20398.6833,1.373006984,28.40983906
1.044398638,0.030088176,20289.22975,1.386104034,28.586012
1.161166789,0.030422456,20051.88105,1.41055185,28.84206507
1.321234787,0.030753774,20003.02048,1.417536937,28.95258378
1.198188407,0.031104462,19842.19538,1.438055647,29.21629637
1.277485539,0.031441306,19785.21447,1.447660144,29.37277316
1.437553536,0.031772625,19735.88654,1.457701208,29.53581555
1.013073613,0.032143936,19754.11023,1.463376606,29.70979985
1.377150501,0.032461297,19795.81389,1.471234825,29.96804158
1.168337119,0.032817852,19825.1079,1.476037079,30.12889519
1.278443756,0.033152589,19911.92944,1.47778335,30.3083512
1.130416696,0.033504986,19981.06493,1.480402762,30.48452422
1.720985082,0.03380685,20031.12897,1.48738784,30.73620079
0.918464199,0.034204026,20045.54374,1.490880406,30.8357761
1.320844796,0.034518766,20061.63348,1.501794601,31.08088701
1.216117582,0.0348682,20055.31212,1.509216262,31.21766731
1.331220355,0.035202595,19985.79944,1.520567033,31.35007087
1.472136498,0.035535223,19807.68039,1.542395437,31.51858449
1.57474893,0.035870472,19757.47656,1.553309641,31.6400456
1.525811902,0.036216089,19735.13095,1.56291414,31.7626008
2.282918151,0.036506558,19738.73065,1.570772349,31.87968565
1.293042174,0.036916551,19997.7904,1.567716398,32.10619294
1.976871764,0.037212034,20267.18464,1.559421585,32.26923594
1.753069977,0.037569614,20628.02564,1.546324543,32.46619949
2.14046216,0.037885378,21126.33441,1.525369261,32.68504859
2.057384871,0.03823333,21768.24272,1.496992329,32.92359354
2.146674273,0.038569489,23077.58066,1.439365327,33.34378308
1.796303707,0.038935729,24201.16277,1.39221597,33.66549022
1.833966371,0.03927542,25334.3964,1.347686015,33.98282082
1.8274965,0.039618131,26609.78041,1.300973217,34.33297868
2.166592702,0.039937199,28580.2657,1.235487981,34.87462952
1.553092305,0.040321442,29825.96157,1.198379697,35.23463484
1.492497627,0.040667857,30932.01879,1.168693064,35.58479263
1.742496072,0.040993021,31882.33896,1.146428078,35.93932776
1.770166464,0.041333397,32576.70073,1.133767601,36.29386274
1.721229437,0.041679013,32787.71581,1.138569852,36.69982684
2.030348824,0.042000133,32650.83045,1.149920619,36.93837227
1.071282347,0.042408019,32263.4386,1.169129639,37.15065426
1.967864066,0.042688946,31213.73311,1.214532713,37.41436804
1.189491176,0.043084469,30354.63783,1.252077596,37.5522417
2.297575984,0.043350926,29299.87705,1.299226934,37.66166745
2.121237489,0.043705258,28347.32787,1.344193462,37.75030091
2.202199998,0.044041987,27098.89689,1.408805552,37.88161022
2.232368458,0.04438219,26759.77717,1.428451121,37.94507638
2.529413847,0.044704135,26162.92779,1.468178818,38.14204057
2.184455764,0.045070003,26009.15504,1.482149009,38.2864802
2.540205751,0.045387931,25948.15767,1.490880364,38.4320151
2.228138896,0.045751549,25941.03919,1.496992327,38.59177416
2.439833629,0.046079333,26422.54064,1.482149003,38.90472806
2.18896944,0.046438764,26990.81314,1.460757168,39.15421515
2.354033571,0.046769739,27872.54478,1.426704845,39.45075539
2.311758059,0.047114899,28807.93552,1.392652528,39.74838949
2.548849817,0.047440945,30330.26826,1.341137475,40.23642233
2.27133957,0.047802199,30901.02071,1.323238186,40.43338573
2.310251267,0.048141804,32311.72296,1.283073912,40.9564342
2.298368915,0.048484885,33088.32687,1.263428344,41.27485886
2.201968597,0.048833748,33799.49018,1.247275323,41.59000088
2.155945983,0.049179165,34464.60591,1.23374171,41.90295435
2.601626417,0.04949094,34984.076,1.228502882,42.31767331
2.309544107,0.049853191,35115.64586,1.231558866,42.56934874
2.415487295,0.05018821,35069.99917,1.240290227,42.81664796
2.339487865,0.050535677,34866.22182,1.25687982,43.15476898
2.324274757,0.050878985,34663.02552,1.270413434,43.36376956
2.234119608,0.051227421,34434.14376,1.286129892,43.60450278
2.494110322,0.051551901,34230.31629,1.301409772,43.85727355
2.183708846,0.051915405,34057.26479,1.314506825,44.06517914
2.33919705,0.052247035,33810.58463,1.333279254,44.36281369
2.274022581,0.052593762,33599.21613,1.347249438,44.55649459
2.472394285,0.052922457,33408.9339,1.362529319,44.80817092
2.283565451,0.053277644,33314.71428,1.373880097,45.05328108
2.610587656,0.053597538,33236.72662,1.383048021,45.24805693
2.26979302,0.053963121,33129.96678,1.396145075,45.52927686
2.606807497,0.054282331,33080.38826,1.404003294,45.7207701
2.134031601,0.054656945,33045.7961,1.411861534,45.93414669
2.463551875,0.054976668,32995.63982,1.420592889,46.16393845
2.325100746,0.055328408,32983.11054,1.426704848,46.36090186
2.630473028,0.055649782,33028.8915,1.433253362,46.66619631
2.359207951,0.056010609,33161.39696,1.433689938,46.87738482
2.350240012,0.05635349,33301.60427,1.43325337,47.07981986
2.528627172,0.056683553,33430.65043,1.436309343,47.40809311
2.806104361,0.057006836,33497.72952,1.438928744,47.62365956
2.535255629,0.057367633,33571.72419,1.441111593,47.83922494
2.731961954,0.057696442,33657.93452,1.442421292,48.04494312
2.385754838,0.058062396,33738.39768,1.445040711,48.28239326
2.939268538,0.058366793,33805.97696,1.448533241,48.52312775
2.495220427,0.058739441,33936.10963,1.451589231,48.85249426
2.839729107,0.059058137,33982.65466,1.455081767,49.0647781
2.372782039,0.059432352,33958.54995,1.461193734,49.26721226
2.69231004,0.059752758,33880.36108,1.469488521,49.45761119
2.373581671,0.060116832,33852.31023,1.478656462,49.73883111
2.760141162,0.060432652,33880.04692,1.483458701,49.93470136
2.490541464,0.060793364,33868.56391,1.490007232,50.11196831
2.913739285,0.061106677,33849.36477,1.496992311,50.29580193
2.677447161,0.06146511,33880.13218,1.502231136,50.50589621
2.775896145,0.061800642,33870.77543,1.511835634,50.8090019
2.657013216,0.062151043,33808.92083,1.519693864,50.97423233
2.862879122,0.062479225,33767.07357,1.527115518,51.1493116
2.543318065,0.062843355,33707.56388,1.534973754,51.32001302
3.011481109,0.063153592,33682.79538,1.544141673,51.56950134
2.440447876,0.063534927,33642.47962,1.55112678,51.73582535
2.9102763,0.06384505,33583.11076,1.558548426,51.8988684
2.604038272,0.064208269,33521.95001,1.565533526,52.05862738
3.025570713,0.064521695,33401.0585,1.577320855,52.28951347
2.706842347,0.064885769,33330.70467,1.582996251,52.37814661
2.931027418,0.065212698,33133.62313,1.599149267,52.60465544
2.575660721,0.065579278,33064.15412,1.607007505,52.74800057
3.361911084,0.065867751,32977.97433,1.615738845,52.88368824
2.929936971,0.066239572,32939.39418,1.62272395,53.02375054
2.916805586,0.066582737,32927.98929,1.630582177,53.22727991
3.067713997,0.066914679,32934.53376,1.635384423,53.36843738
3.266918388,0.067243316,32985.30388,1.638440394,53.51506656
3.174681517,0.067591892,33130.32772,1.637567261,53.67373148
3.486298966,0.067912838,33470.13288,1.631018729,53.92540818
2.94857331,0.068291894,33685.39132,1.625343359,54.04467957
3.251863866,0.06861341,34277.48849,1.609626895,54.36201082
2.9955872,0.06897321,34750.90678,1.596093289,54.58523593
3.557011443,0.069277065,35322.06694,1.578630545,54.81940507
3.239115769,0.06964108,36180.02487,1.5533096,55.17612781
3.499939169,0.069965501,36846.89037,1.534100592,55.44640645
3.165389708,0.070330656,37501.27874,1.515764738,55.71011833
3.342944176,0.070660774,38489.06433,1.489134074,56.11061194
3.292341772,0.071006502,39119.2639,1.473417621,56.3951149
3.599795773,0.071327733,39647.89631,1.461193703,56.66101672
3.158662079,0.07170018,40198.84696,1.449406374,56.96959255
3.119717325,0.072045111,40736.67759,1.438055603,57.27707493
3.363886939,0.072370671,41211.41547,1.431070505,57.67428552
3.59889697,0.072696858,41348.94597,1.431943636,57.91392545
3.276837823,0.073061378,41412.07083,1.434999621,58.14371585
3.321161795,0.073402386,41366.09672,1.444167552,58.48949689
3.369649007,0.073744875,41185.26575,1.454645187,58.68536636
3.43728788,0.07408772,40873.21184,1.469051936,58.86044558
3.335057927,0.07444395,40381.35666,1.491316916,59.10227313
3.784068111,0.074764097,40020.80462,1.507469926,59.2554682
3.162240031,0.075155835,39625.95438,1.525805808,59.42835725
3.836075086,0.07547129,39194.38058,1.546324493,59.59358943
3.459056855,0.075853257,38803.13179,1.567279777,59.81353155
3.693232362,0.076195267,38626.25165,1.578193974,59.96234923
3.587670424,0.076562292,38501.32005,1.587361909,60.11226022
3.713596328,0.076911638,38381.21924,1.596529838,60.25888919
3.552243789,0.077286069,38478.13379,1.600458956,60.52807259
3.788916527,0.077635096,38683.58784,1.59783954,60.71847146
3.70750174,0.078007688,38899.66112,1.594783565,60.90011576
3.666055826,0.078379376,39452.40516,1.582559657,61.23057715
3.766999567,0.078743192,39912.562,1.572518586,61.51836338
3.979523467,0.079101162,40359.59318,1.562040944,61.77222831
3.785694768,0.079488798,40808.20214,1.551563313,62.01843249
4.168086853,0.079838874,41500.84541,1.535846848,62.40360716
3.845190878,0.080239064,41916.40757,1.527115494,62.65418802
4.036063984,0.080606014,42311.271,1.518820693,62.89492224
3.805596074,0.08100373,42850.56731,1.508779631,63.27790671
3.786631025,0.081388898,43164.6911,1.503540814,63.52630005
3.528683916,0.081792371,43462.42357,1.498738571,63.77578677
4.222500467,0.082132629,43831.8657,1.49437287,64.14783128
3.87961861,0.082545699,43985.73012,1.492626607,64.30540131
4.168747714,0.082917452,44208.60776,1.494372872,64.7113665
4.074839509,0.08331736,44257.86588,1.49786542,64.93678023
4.009242504,0.083717369,44246.24652,1.503540808,65.16547706
4.169304082,0.084103821,44213.45757,1.512272167,65.48827914
4.21611968,0.084500036,44196.05882,1.517947552,65.69618561
3.870738375,0.084925146,44134.83305,1.524932653,65.89533698
4.261454186,0.08530188,44005.84956,1.536719983,66.18859524
4.039310434,0.085722551,43915.29722,1.544578216,66.37461592
4.253495645,0.086115378,43815.19725,1.552873006,66.56829761
4.086308915,0.086536345,43738.8275,1.560731238,66.78386313
3.991565913,0.086954436,43702.31365,1.567279763,67.01037138
3.958441678,0.087370395,43712.43823,1.571645446,67.21827734
4.474892152,0.087750741,43834.38693,1.57426484,67.53123236
4.127010891,0.088192266,43945.94494,1.574701419,67.74023183
4.382829128,0.088594617,44065.30283,1.575137979,67.96236418
4.164846907,0.089031478,44241.71268,1.575574554,68.27093996
4.516423926,0.089431464,44462.62058,1.572955135,68.50620324
4.459150257,0.089861492,44623.95954,1.572082,68.72286323
4.442678116,0.090290856,44821.04003,1.572518569,69.04675935
4.24467945,0.090734846,44862.40515,1.573828279,69.16603125
4.543796048,0.091146973,44973.74449,1.578193952,69.51728427
4.321648897,0.091596879,45028.5394,1.580813367,69.70768195
4.639916847,0.092012014,45033.83094,1.585179042,69.90136383
4.214592995,0.092480211,44994.99919,1.593473849,70.185866
4.593646751,0.092895598,44987.05637,1.598276087,70.3707942
4.61547655,0.093337543,44933.84894,1.604388041,70.54806148
4.895439774,0.093764034,44760.52183,1.616611942,70.80849239
4.988047657,0.094205493,44640.36028,1.624470166,70.96715767
5.209722122,0.094640324,44604.5071,1.629708978,71.14551994
4.804381288,0.095120315,44671.14509,1.631455262,71.33810579
5.225900658,0.095545997,44829.5285,1.632328387,71.65324897
4.80057475,0.09603192,44975.39656,1.631455263,71.86224827
5.103851709,0.096470267,45145.17547,1.629708982,72.06468428
4.724323171,0.096957706,45309.44927,1.628399287,72.27806067
5.061739852,0.097398351,45599.87216,1.624906734,72.60633452
5.150182168,0.097858323,45797.93578,1.62228732,72.81642948
5.39017367,0.098310192,46027.72718,1.618794769,73.03309027
4.93237127,0.098812183,46454.51342,1.611373123,73.37777565
5.319748226,0.099258715,46717.49349,1.607007432,73.59115423
5.003502453,0.099755765,46986.22508,1.603514893,73.85267761
5.385050034,0.10020742,47249.37119,1.600458906,74.11967397
4.977207887,0.100715492,47633.21409,1.595220099,74.47749053
5.442023836,0.101166262,47913.69461,1.590854406,74.71822526
5.156586458,0.101670755,48184.52776,1.586925299,74.95895809
5.832904933,0.102111794,48669.16412,1.578630486,75.32990834
5.151106899,0.102648188,49087.14759,1.570772276,75.61112715
5.640902399,0.103106937,49516.7035,1.562477469,75.88468926
5.134801225,0.103636277,50125.99068,1.551563278,76.30378318
5.309839595,0.104121553,50444.70878,1.546761025,76.57077903
5.328332094,0.104619983,50831.37129,1.540649069,76.87607299
5.716538346,0.105095601,51225.04276,1.534973673,77.20872401
5.207937949,0.105635055,51470.96315,1.532790845,77.48009504
5.734370034,0.106106287,51791.14326,1.531044559,77.89043772
5.363995472,0.106641334,51992.97239,1.530171432,78.15743213
5.427451724,0.107149307,52159.03615,1.530607999,78.43318164
5.238602817,0.107677168,52187.91967,1.536719958,78.78662176
5.673437891,0.108164894,52152.86984,1.542395333,79.01641404
5.338035077,0.108707882,52072.82537,1.549380432,79.23635607
5.56469723,0.109214999,51970.77761,1.559421495,79.56791244
5.467442945,0.109746906,51910.0986,1.564223747,79.70250411
5.778622454,0.110253462,51783.84799,1.576011079,80.07017076
5.487350962,0.110803837,51747.56005,1.581686472,80.28573591
5.619085311,0.111327985,51711.12267,1.587361856,80.49911377
5.279933555,0.111887038,51612.25391,1.596966365,80.81206642
5.350464608,0.112420829,51536.75423,1.603514886,81.01121895
5.68745593,0.112938983,51495.9389,1.609190262,81.2245972
5.820021723,0.11347378,51436.19313,1.617048486,81.51566643
5.542071381,0.114039396,51408.64747,1.621850744,81.71262948
6.022284318,0.114555841,51431.34625,1.625343275,81.92600832
5.854664677,0.115119325,51449.33159,1.628835824,82.13829096
6.137113275,0.115654738,51451.43417,1.633201498,82.37683693
5.541907039,0.116253054,51444.69653,1.639313471,82.69088308
5.72734667,0.11680085,51494.64751,1.641496306,82.89550715
6.06641716,0.117340815,51544.13723,1.643679136,83.09794298
6.155680545,0.117900624,51857.51062,1.640186588,83.44591285
5.806532691,0.118493292,52107.98888,1.636694054,83.68117402
6.372510025,0.11902619,52415.29943,1.631891787,83.93941719
5.900956187,0.119632921,52999.47758,1.620977597,84.33990884
6.035183459,0.120201131,53400.87865,1.613555934,84.60909325
6.027020525,0.120781993,53939.88806,1.603078299,84.92861218
6.167492302,0.121355483,54540.23994,1.591727522,85.28205343
5.911187287,0.121959143,55116.28846,1.580813326,85.59719461
6.278149856,0.122523082,56069.91831,1.562914021,86.09835928
6.172560928,0.123122212,56693.637,1.551563252,86.43429155
6.420448254,0.123700107,57099.08741,1.545887858,86.74286919
6.027997175,0.124324841,57630.5906,1.539339347,87.19369617
6.322514399,0.124905582,57977.37727,1.535410225,87.50117951
5.821396665,0.125543793,58243.39551,1.533663967,87.7977179
6.256221328,0.126121002,58538.27957,1.533663955,88.23760518
5.961609831,0.126751139,58707.91363,1.535846804,88.60417582
6.131638592,0.127352578,58777.76243,1.538902777,88.88430262
5.966925908,0.12797997,58710.69829,1.545014736,89.14254352
6.417986589,0.128568287,58458.5932,1.557675199,89.51239929
5.957668497,0.12922205,58245.56884,1.567279712,89.73781191
6.455359055,0.129813396,58155.06968,1.573391652,89.96213345
6.211123108,0.130458594,58070.66079,1.581686455,90.32870414
6.086794041,0.131098812,57970.554,1.588234981,90.55849503
6.154815831,0.131729019,57880.86076,1.594346933,90.78500353
6.518025607,0.132342142,57803.83306,1.602205149,91.13516257
6.250056543,0.133001628,57737.82664,1.607880544,91.37042396
6.360544378,0.133638453,57763.09788,1.611809654,91.65383354
6.187084791,0.13429797,57875.22876,1.613119364,91.90441463
6.507825915,0.134926886,58177.24554,1.61180965,92.30600314
6.549199414,0.13557812,58393.267,1.610063376,92.56096181
6.641782928,0.136229082,58685.11087,1.609190237,92.94832438
6.258067788,0.136915974,58886.1004,1.608317112,93.19890485
6.641259083,0.137553725,59113.24779,1.607443964,93.48012683
6.379532149,0.138238925,59406.75899,1.607007404,93.88390155
6.463370876,0.138903807,59574.42987,1.607007402,94.13010676
6.232036314,0.139593679,59767.08175,1.607443977,94.43649408
6.482828448,0.140253961,59882.02132,1.60962681,94.72428105
6.501716232,0.140933429,60034.33793,1.610499946,95.00221868
6.761667168,0.141599777,60158.87292,1.613992484,95.37207415
6.523669519,0.142303642,60174.00358,1.618358172,95.62484349
6.68203156,0.142983853,60155.03556,1.623160417,95.87104879
6.778774193,0.143671727,60129.97473,1.629708937,96.22339544
7.370133867,0.144329051,60116.15094,1.633638032,96.43786908
7.05219646,0.145052069,60052.10574,1.63887686,96.65562251
7.278837417,0.14574138,59972.15876,1.646298512,96.98608479
6.938416577,0.146472997,59955.34999,1.648917931,97.12614687
7.535603436,0.147144006,59863.40878,1.657212708,97.4927204
7.308427518,0.147874924,59768.34487,1.662888101,97.6973431
7.380186625,0.148588993,59685.60734,1.669436621,98.00154311
7.303726627,0.149316784,59767.78798,1.67030976,98.22914535
7.687743372,0.150016662,59862.45232,1.671182885,98.45565528
7.24573195,0.150776686,60042.40881,1.671619467,98.79486915
7.66971693,0.151481127,60265.38641,1.669436613,99.03998119
7.374257963,0.152238474,60589.57189,1.664634372,99.29165599
8.027231639,0.152934541,61216.94032,1.654593285,99.70747083
7.379544269,0.153723284,61789.80848,1.644988805,100.0434015
7.602016724,0.15445634,62490.23524,1.63276489,100.4274816
7.735391,0.155199168,63116.25116,1.622287251,100.7634147
7.985341345,0.15593769,64087.44483,1.60657079,101.2908411
7.736510384,0.156714145,64709.31274,1.596966298,101.6409983
8.186305265,0.157446592,65352.1985,1.586925217,101.9999116
7.829223822,0.158238023,66387.37265,1.570772206,102.5689168
8.422240366,0.158968294,66964.84121,1.562913962,102.95081
8.304139854,0.159750981,67425.07818,1.55723858,103.2867424
8.583231666,0.160510327,68225.94829,1.547197505,103.8655981
8.314413501,0.16131107,68448.92051,1.545014672,104.0724093
8.582679444,0.162078968,69146.81862,1.538466142,104.700506
8.496219311,0.162875073,69609.74434,1.533663895,105.0802081
8.587954216,0.163662942,70050.44608,1.529298211,105.4588168
8.617236965,0.164459064,70623.66472,1.524932529,106.0300119
8.809726349,0.165247949,70923.32566,1.524059387,106.4119038
8.446811536,0.166078891,71171.59014,1.524059397,106.7686256
8.701751671,0.166871604,71679.24876,1.521439981,107.3113716
8.515366031,0.167698602,71901.53845,1.522313123,107.6845078
8.630413425,0.168509038,72082.82967,1.523622824,108.0324777
8.474003652,0.169342116,72153.15112,1.52798851,108.4220278
9.04120035,0.170129815,72112.66403,1.534537016,108.8104864
8.489262233,0.170998172,71899.67605,1.545887804,109.2831975
8.802487746,0.171811561,71725.61165,1.55418259,109.5983409
8.679383613,0.172658953,71515.25253,1.562913956,109.8839379
9.015090769,0.17347911,71390.51944,1.569899037,110.1761022
8.769579356,0.174351748,71172.52678,1.580813248,110.6094216
8.805519378,0.175183878,70937.44752,1.589981178,110.8895484
8.811480118,0.176039299,70843.50151,1.596093132,111.1663917
8.945674503,0.176890214,70779.56422,1.603951354,111.6095611
8.71514848,0.177787766,70818.84555,1.605697634,111.7977699
9.037529609,0.17863461,71100.21055,1.607007329,112.3350448
8.851969805,0.179520496,71337.71512,1.606570766,112.6764481
9.140209664,0.180378365,71630.86593,1.604824485,113.0090991
8.945490288,0.181264794,71936.85259,1.603078218,113.3625392
9.182102399,0.182134926,72371.73592,1.600895371,113.8932482
8.779208658,0.183053268,72645.89859,1.599585678,114.228085
9.263961123,0.183915356,72921.45256,1.59827596,114.5629256
8.964319811,0.184835551,73062.27463,1.601768514,115.0356376
8.926975075,0.185742379,73170.97444,1.603951356,115.3628162
8.758897602,0.186662684,73286.87914,1.60657077,115.7217275
9.166207862,0.187548184,73368.18358,1.610063303,116.0839238
8.894043178,0.18848469,73388.58016,1.613992424,116.3804625
9.283865904,0.189380492,73376.13554,1.618794662,116.6857582
8.90345055,0.190333605,73289.83498,1.627089468,117.1092287
9.388198772,0.191232172,73229.91839,1.63276484,117.3959226
9.433286542,0.192165417,73221.56479,1.63713052,117.6694836
9.524171681,0.193100164,73206.05375,1.643679039,118.0820138
9.258665277,0.194064039,73412.39541,1.643679047,118.3982491
9.686788454,0.194985173,73657.78672,1.642805898,118.7221471
9.395467582,0.195960291,73814.62788,1.644115611,119.0657382
9.660382561,0.196902123,73952.67805,1.645861876,119.4126145
9.410695038,0.197883966,74085.26064,1.647171588,119.7255671
9.616487956,0.198839517,74339.90512,1.64760815,120.1873387
9.282697686,0.19983686,74505.42527,1.648044728,120.504668
9.578419907,0.200796017,74737.21043,1.647171583,120.8329425
9.227974711,0.201804313,74964.54305,1.646298458,121.1634023
9.5228631,0.202773358,75327.0536,1.644552176,121.6623787
9.493834806,0.203769477,75403.03804,1.646735018,121.9698612
9.699624301,0.204754463,75428.15011,1.649790988,122.248894
9.401636231,0.205778913,75580.74015,1.650664134,122.5793542
9.838912157,0.206758153,75842.92728,1.649790984,122.9503046
10.38360443,0.207734853,76085.69242,1.64891783,123.2851455
11.05653026,0.208707687,76435.63578,1.648044675,123.7863119
10.73022846,0.209753892,76688.51315,1.647171548,124.1222434
11.03593717,0.21076203,76890.5327,1.647171539,124.4527061
10.84869327,0.211809018,77319.19695,1.644552136,124.9516804
11.31094636,0.212816702,77612.13018,1.64280585,125.2985577
11.29606793,0.213862158,77984.36894,1.639313305,125.6432444
11.40525958,0.214904354,78507.92226,1.633201348,126.0317012
10.88660296,0.215994808,79090.36536,1.626652841,126.4683024
11.33636326,0.217024375,79726.01884,1.619231171,126.9300748
11.45054921,0.218082043,80647.92677,1.608316964,127.5745849
11.57722488,0.219144193,81379.82005,1.59914903,128.029791
11.35500315,0.220235571,82194.12243,1.588671402,128.5035974
11.73564778,0.221291081,83067.38214,1.577757187,128.9927261
11.42432705,0.222399351,84323.75405,1.56291388,129.7083601
11.93653531,0.223456672,85054.29195,1.555055639,130.1723214
11.47033313,0.224586408,85777.41757,1.547633994,130.6406557
11.87012707,0.225662414,86561.45164,1.541958598,131.3431618
11.58045372,0.226791089,86804.04103,1.540648901,131.5992137
11.9161293,0.227882541,87276.00165,1.541085461,132.3345469
11.79215981,0.229010993,87564.04655,1.541522032,132.7897517
12.27938353,0.230103182,87731.3966,1.543704859,133.2022838
11.63831274,0.231278199,87757.70973,1.548070558,133.5940201
12.04726236,0.232387132,87611.81664,1.557675046,134.1838193
12.12230296,0.233524483,87454.00065,1.564660133,134.5394488
12.14238541,0.234671319,87404.16407,1.569898951,134.9027378
12.02923692,0.235833056,87332.74139,1.577757179,135.4520476
12.44567809,0.236964265,87309.06956,1.582559418,135.8076787
11.78545145,0.238175008,87406.51135,1.586051981,136.2399018
12.25268529,0.239314505,87538.21536,1.589107944,136.6907324
12.06375938,0.240504693,87667.78766,1.59129079,137.074811
12.41025193,0.24166412,87832.28265,1.595219895,137.6755524
11.91905846,0.242886795,87954.54426,1.597402748,138.0541584
12.50536411,0.24404173,88036.05656,1.600458709,138.4448062
12.06079986,0.245273134,88112.11469,1.60526097,139.0006798
12.65459832,0.24643951,88066.39281,1.610063203,139.3672543
12.1767251,0.247685215,88019.07453,1.614865465,139.7283524
12.48241169,0.248883446,88068.52782,1.617921435,140.101491
12.05366571,0.250138044,87961.56404,1.6240334,140.4877569
12.39682189,0.251345963,87810.43726,1.631018481,140.8707438
12.38691713,0.252584197,87708.3799,1.636693865,141.2143363
12.59517624,0.253813614,87572.77676,1.644552087,141.7012757
12.08648921,0.255098425,87608.47604,1.647608077,142.0536197
12.58702077,0.256320334,87795.43527,1.648044632,142.4070629
12.29608052,0.257602687,88229.3824,1.646734936,142.9881049
12.27701255,0.258872808,88605.37581,1.644552096,143.3875037
12.23171413,0.260151118,88967.54819,1.642369256,143.7693945
12.62024604,0.261406038,89315.63899,1.640622972,144.1490989
12.39841603,0.262709167,89832.0605,1.636693866,144.6163397
12.77528881,0.263977694,90249.33442,1.634511014,145.0835839
12.43812985,0.265301583,90806.52922,1.631891616,145.7149607
13.00610327,0.266570042,91068.50051,1.631891598,146.099043
12.6073238,0.267911158,91237.01402,1.633637884,146.4896861
12.86886609,0.269213672,91101.44314,1.64193267,146.9908509
12.8960056,0.270538855,90917.18277,1.648917759,147.3180299
13.58763031,0.271825043,90643.57063,1.657212532,147.6244217
13.31416751,0.273183881,90298.91779,1.66638047,147.8914156
13.77055598,0.274499518,89668.4962,1.682096908,148.2853457
13.13195741,0.275896769,89558.36519,1.686026042,148.4626101
13.67536032,0.277220033,89393.31895,1.694320818,148.9495512
13.3461042,0.27860973,89307.86559,1.699123078,149.2471837
13.82747018,0.279950825,89380.79027,1.700869335,149.5513861
13.64310039,0.28134427,89586.92216,1.700432773,149.8938833
13.78680932,0.282722212,90076.88422,1.696940224,150.4388174
13.62658589,0.284127882,90510.19439,1.693011116,150.8207077
13.86397073,0.285513334,91000.36305,1.688208859,151.1971286
13.42895825,0.286951844,91590.61518,1.682096919,151.6118453
14.00816035,0.288328054,92306.27241,1.675984948,152.2147759
13.67515065,0.28977366,92539.60588,1.674675254,152.4730159
13.89962552,0.291188295,92960.08236,1.673802111,153.0671914
13.63780908,0.292643378,93222.50272,1.672928983,153.4315733
13.86852744,0.294071952,93314.30185,1.675111816,153.7872036
13.78740287,0.295529128,93394.05304,1.679040932,154.2883668
13.98897543,0.296974168,93383.03807,1.682533471,154.6024157
13.7363152,0.298457628,93410.14554,1.685589455,154.937253
14.19393798,0.299899781,93241.95031,1.691701394,155.2381725
13.81304191,0.301406691,93330.02697,1.695193951,155.7338629
14.23569002,0.302866012,93617.58984,1.693884234,156.0993426
13.95596395,0.304380862,94104.98503,1.690391698,156.5917507
14.37985936,0.305855022,94424.46101,1.688645412,156.9550417
13.75914534,0.307408212,94853.33883,1.685589455,157.3544376
14.24174357,0.30889356,95258.7788,1.682970031,157.7538389
14.23430336,0.310419885,95670.01708,1.680350623,158.1565208
14.46292964,0.311937691,96233.6812,1.677294639,158.7561674
13.98085482,0.313511861,96617.11461,1.675111814,159.1599409
14.74406574,0.315008545,97149.69562,1.670746109,159.5899826
14.65252036,0.316571302,97515.67712,1.66899984,159.9970408
15.23378691,0.318095768,97666.96663,1.672492367,160.5474488
15.02358152,0.31968214,97645.94149,1.675111782,160.756448
15.41499312,0.321235216,97653.89563,1.679477451,161.1689801
15.45001286,0.322820529,97642.8359,1.685152835,161.6876519
15.65781468,0.324401877,97739.38786,1.686899101,162.007172
15.16740572,0.3260391,97880.82685,1.68820882,162.3726471
15.5596463,0.327623963,97991.69926,1.691701353,162.9000743
15.30988263,0.329260791,98143.98048,1.692574497,163.2425717
15.83535161,0.330852597,98242.21565,1.694320753,163.5960149
15.3832426,0.332519414,98394.57684,1.695193903,163.9560188
15.92369809,0.334126517,98959.16651,1.691264774,164.5523845
15.57733869,0.335802507,99255.82319,1.688645376,164.8084357
16.06699823,0.337429524,100079.8756,1.681660271,165.5076605
15.63403724,0.339127977,100500.3177,1.678604308,165.9125282
15.90719566,0.340786529,100941.7184,1.675548323,166.3447556
16.04462478,0.34246268,101394.6992,1.672492342,166.7791715
16.27864486,0.344140618,102349.8624,1.664197542,167.4816773
16.05468493,0.345858401,102867.8271,1.660268436,167.9171849
16.89156997,0.347512018,103451.0333,1.655902729,168.3855263
16.41780135,0.349263771,104007.1361,1.651973631,168.8549541
16.64765401,0.350976109,104647.8025,1.648917648,169.5366693
16.94745158,0.352692187,104852.0337,1.64848107,169.8069491
17.31802671,0.354412006,105405.0006,1.647607923,170.5630738
17.15151636,0.356177284,105678.366,1.647607928,170.9865454
17.59619879,0.357909516,105982.0131,1.647171347,171.4154912
17.2456621,0.359704938,106268.5015,1.647171357,171.8641294
17.58708902,0.36146192,106808.6613,1.645425075,172.5578819
17.28984237,0.363271498,107151.1047,1.644551948,173.018557
17.75950134,0.365037546,107361.9831,1.64542507,173.4606339
17.65127303,0.366852052,107541.6202,1.646734777,173.8972369
18.3282695,0.368621863,107999.5741,1.64586162,174.5570698
17.80119648,0.370483079,108131.4384,1.646298205,174.8273451
18.37327201,0.372278211,108793.2785,1.643242211,175.6108268
17.88949669,0.374154777,109114.8149,1.642369089,176.0616526
18.48655074,0.375966652,109455.2045,1.641495935,176.5409348
17.9011852,0.377868668,109716.5082,1.643242225,177.1996665
18.2684149,0.379714877,109737.1692,1.646734759,177.6264234
17.94784232,0.381617526,109791.9781,1.649790745,178.054271
18.3558716,0.383479733,109818.9007,1.653283277,178.4722745
18.04778715,0.38540038,109839.9682,1.656775831,178.8858969
18.45165078,0.387281838,109842.6667,1.662451204,179.4932046
18.34840565,0.389207489,109792.7273,1.667253456,179.9035456
18.74560554,0.391108472,109614.7824,1.674238533,180.3445283
18.55992195,0.393058951,109558.8386,1.678604219,180.7089105
18.98876179,0.394977053,109545.6308,1.682533319,181.0962748
18.28514332,0.396982454,109642.3066,1.686899021,181.6849743
19.14531383,0.398890619,109682.6873,1.689954971,182.0482685
18.51996586,0.400910247,109790.7778,1.692137831,182.4410982
19.02291045,0.402862647,110049.7925,1.692137815,182.8569135
18.72064354,0.404880016,110330.3685,1.693447529,183.4423326
19.21192816,0.406853094,110614.8397,1.693010945,183.8614309
18.70731548,0.408904321,111121.223,1.689954985,184.359309
19.19443431,0.410897856,111710.1738,1.686025857,184.8845488
19.14696558,0.412938013,112064.0047,1.684716155,185.3113039
19.33264623,0.414992905,112536.2304,1.68209674,185.779641
19.38843336,0.417005273,113396.8753,1.675984786,186.4919944
19.4675274,0.419088079,114001.6408,1.671619103,186.9942528
19.20022398,0.421184373,114582.3721,1.667689999,187.4976035
19.44168993,0.423277254,115510.3019,1.66114147,188.2449735
19.43335037,0.425376855,116188.4483,1.656339222,188.7734934
19.46414596,0.427484333,116836.3501,1.651973541,189.3042017
19.41000604,0.429608188,117283.5123,1.65022727,189.8086479
19.70392892,0.431718781,117807.2322,1.648044421,190.3875047
19.06607397,0.433882418,118412.5023,1.644551896,190.9324343
19.80714841,0.435983815,119105.4314,1.641932465,191.7246712
19.41160101,0.438173664,119425.4811,1.641932477,192.2334926
19.55730024,0.44033733,119833.1675,1.640622769,192.7313743
19.26999989,0.442541554,120184.4195,1.640186209,193.2467613
19.7720875,0.444702731,120439.2864,1.642805603,193.9810021
19.57471502,0.446922699,120455.5991,1.646298153,194.4449603
19.97104857,0.44911305,120399.6638,1.650663822,194.8925087
19.62878562,0.451365032,120332.218,1.655466081,195.3827279
20.01345893,0.453578475,120137.6088,1.66201459,195.8882711
19.65620498,0.455853847,119901.6668,1.668126554,196.2767254
20.47137593,0.458060212,119366.0275,1.679913866,196.8490201
20.09330213,0.460359546,118958.9124,1.688208671,197.1838563
20.63701382,0.46260709,118433.0162,1.698249719,197.5099446
20.12237636,0.464938552,117594.3322,1.713966186,197.9629583
20.53618588,0.467217973,117117.0566,1.723134102,198.2398048
19.99156893,0.469574569,116654.4619,1.732302048,198.5253988
20.47365625,0.471872568,116319.848,1.73972369,198.8208476
20.05643802,0.474243752,115912.0393,1.748455064,199.130516
20.51270926,0.47656693,115748.6041,1.754130434,199.4730172
20.25786267,0.478950465,115586.3529,1.759369259,199.7717448
20.84569603,0.481288195,115593.1901,1.763734921,200.2510266
20.42347618,0.483706891,115725.9682,1.764608071,200.5738266
20.60162375,0.486096545,115892.2682,1.765044633,200.8999117
20.51081135,0.488516594,116360.4863,1.762861796,201.4371856
21.14860049,0.49089876,116904.3996,1.758496094,201.8497196
21.46080682,0.493315151,117526.7226,1.753257268,202.2819482
22.31842307,0.495706266,118339.7751,1.746708719,202.883788
22.45326382,0.498158867,118714.1522,1.743652739,203.1562564
23.38082311,0.500569434,119857.7128,1.733611644,203.9233269
23.09265499,0.503075502,120605.2106,1.727063133,204.4157357
23.39736001,0.505553392,121325.2421,1.720951171,204.9136181
23.1308389,0.508082893,122087.3275,1.714402659,205.4257231
23.52963485,0.510579486,122896.6116,1.707417559,205.9542452
23.43048132,0.513122676,124208.8572,1.696066792,206.7803993
23.8625819,0.515642197,124937.4336,1.690391394,207.31877
23.2171814,0.518248259,125709.2725,1.684279462,207.8724535
23.70506916,0.520789656,126483.1096,1.678167496,208.4075419
23.41022775,0.523397451,127468.8497,1.67030928,209.0575212
23.60334059,0.525984845,128741.0796,1.661577913,210.0062318
23.47420126,0.528607322,129482.3114,1.656775668,210.5697665
23.60569208,0.531225046,130290.6959,1.651536849,211.1759785
23.70220843,0.533858283,131152.2674,1.645861462,211.7953219
23.8170424,0.536503503,132280.0747,1.639312937,212.7144872
23.73869098,0.539175185,132962.5497,1.635820395,213.3239807
23.83020657,0.541848616,133726.4212,1.631454713,213.9509833
23.83928438,0.544541097,134341.6966,1.628835304,214.559383
24.21973993,0.547221593,134888.8871,1.627089021,215.1612201
23.83745076,0.549967858,135557.9243,1.624469624,215.8429315
24.44522725,0.552659968,136253.7194,1.621850198,216.5837389
24.0646003,0.55543335,136995.4995,1.620103937,217.5215034
24.3384653,0.558175745,137239.1212,1.621413633,218.0784757
24.26842814,0.56095545,137591.2912,1.621850203,218.6803094
24.59391664,0.563722007,137821.8265,1.623596466,219.2635439
24.10586636,0.566558191,137934.0266,1.628398728,220.0678097
24.97759559,0.569315326,137913.8737,1.632764383,220.6029016
24.75600254,0.572161277,137822.2926,1.637566638,221.092027
24.80419907,0.575002966,137584.0465,1.645861428,221.8437731
24.44437632,0.577886854,137454.1183,1.649353985,222.1107659
25.03631544,0.580719973,136754.1172,1.662887574,222.8143694
24.8330349,0.58362183,136231.9109,1.672055509,223.2082957
25.29590387,0.586492499,135840.8723,1.679913719,223.6372429
25.01851065,0.589428352,134878.1782,1.695630177,224.1953053
25.37562474,0.592335353,134331.5788,1.704798093,224.5389007
25.1132165,0.595299473,134053.5086,1.710910053,224.9120359
25.67683404,0.59822175,133861.6043,1.716148853,225.3147221
25.67172329,0.601197709,133732.7933,1.722260804,225.928593
26.39063388,0.604138894,133689.2873,1.725753325,226.3137724
26.35054672,0.607147046,133845.5114,1.727499599,226.7941453
26.40288628,0.610163923,134156.7038,1.727499597,227.3084405
26.37695133,0.613201262,134678.6267,1.724880191,227.8117926
26.72988809,0.616227874,135363.9691,1.721169351,228.4284018
26.23889279,0.619327537,136350.5927,1.714402563,229.1259787
26.92656695,0.6223619,137172.9718,1.708727156,229.6982738
26.44347863,0.625491716,137762.9367,1.705671197,230.2410151
26.98542863,0.62856695,138273.8224,1.703488339,230.7750105
26.7933615,0.631707889,138977.1094,1.700868937,231.5738073
26.98058236,0.634838606,139563.3578,1.697812955,232.1296848
26.76894338,0.638012352,140107.4019,1.695630122,232.7348002
27.17390874,0.641159727,140573.8742,1.694320405,233.3421087
27.01139472,0.644361792,140914.5431,1.693883843,233.8509312
27.40886217,0.647541484,141688.4055,1.690391286,234.675994
27.04899715,0.650789049,142077.2981,1.689518162,235.2274908
27.31447966,0.654010004,142415.1312,1.689081585,235.7735204
27.19817239,0.657273299,142859.6608,1.687335317,236.3107937
27.45865498,0.660527099,143651.1536,1.683842764,237.182908
27.45975306,0.663814996,144216.7816,1.681223357,237.7738002
27.38507453,0.667124545,144645.8108,1.679913655,238.3165446
27.59392466,0.670431262,145037.6232,1.679477081,238.9424543
28.38565515,0.673714536,145368.6237,1.679913624,239.6022894
28.33262076,0.677072214,145608.3141,1.680350194,240.1340923
28.63181185,0.68042259,145592.6639,1.685152433,240.9121018
28.71908164,0.683804265,145635.4463,1.687771838,241.4001362
29.15940957,0.68717869,145845.6539,1.689081528,241.9363188
28.71541988,0.690630653,146047.0558,1.690391246,242.4385738
29.14158812,0.694040247,146384.9433,1.692137505,243.2362807
28.78461042,0.697520634,146541.6971,1.693883788,243.7571388
29.11543177,0.700971294,146850.143,1.693883778,244.2725299
29.06404687,0.704465446,147174.8503,1.694320347,244.841537
29.83077683,0.707921021,147599.578,1.694320323,245.4926182
30.13702778,0.71142552,147938.7598,1.696503153,246.2640637
30.59232801,0.71493729,148175.5097,1.697812843,246.7674192
30.4260239,0.718509317,148461.5808,1.698685984,247.3057869
30.88423441,0.722056427,148545.1427,1.701305378,247.8146134
30.79619892,0.725658755,148744.8244,1.704361356,248.5827728
31.03249365,0.729256952,148764.1891,1.707417325,249.0434511
30.78416135,0.732906339,148725.3063,1.711346444,249.5150689
31.61707347,0.736499901,148504.3624,1.717894937,250.0528965
31.07979389,0.740205413,148431.2566,1.721387498,250.426577
31.70910931,0.743849538,148498.1422,1.72531659,251.0831282
31.68684355,0.747556542,148891.5711,1.725316591,251.711225
32.35196031,0.751235017,149203.0057,1.725316569,252.2255251
31.9304159,0.755006443,149483.5905,1.725753151,252.7310628
32.35321584,0.7587389,150092.4318,1.723788582,253.4067617
32.00494369,0.762542926,150555.5687,1.723133741,254.0354028
32.45605066,0.766311171,150941.2115,1.722697159,254.5606433
32.22226882,0.770145243,151444.6874,1.720950894,255.1077641
32.70751161,0.773949271,152753.1657,1.712656088,256.0039539
32.17437365,0.777842179,153267.9127,1.709600129,256.3814643
32.55261143,0.781692063,154396.5425,1.703924734,257.3728524
32.59402433,0.785584195,155050.1972,1.700868757,257.990007
32.95435481,0.789473923,155785.66,1.696939634,258.5951266
32.53944965,0.793436326,156536.7295,1.693010535,259.2407279
32.91393126,0.797364465,157241.7174,1.691264252,260.1511423
32.83792589,0.801343167,157666.3458,1.690391118,260.7223374
33.23821624,0.805309141,158140.1868,1.689081402,261.3340228
32.96652435,0.809341076,158565.4649,1.688208275,261.9435157
33.28187578,0.813352938,158837.3419,1.690391105,262.7981226
32.85696445,0.817435688,159023.5748,1.690391118,263.1263927
33.38714489,0.821473399,159747.5168,1.689081398,264.1254414
33.21370087,0.825579582,160002.553,1.689954539,264.6845998
33.65477885,0.829664205,160317.5387,1.690391093,265.2831551
33.2606675,0.833826576,160643.3407,1.690827674,265.8806093
33.32369993,0.83797844,161575.2481,1.687335128,266.8501102
33.59073871,0.842137127,162132.9312,1.685588848,267.4913398
33.71038913,0.846326767,162662.8979,1.68427914,268.1292854
33.45366174,0.850563209,163567.2987,1.681223173,269.0758047
34.10456275,0.854758652,163985.6949,1.680786585,269.6721735
33.55472396,0.859057415,164414.1113,1.680786602,270.3670144
34.05823409,0.86330555,164598.1741,1.682969426,271.0421665
34.13457236,0.867604226,164690.2723,1.685588831,271.6330604
34.27752323,0.871919871,164449.0932,1.69126421,272.1637695
34.43212922,0.876256375,163852.7129,1.701741836,272.903481
34.91148135,0.880592313,163294.6845,1.710036612,273.3225807
34.9003772,0.884983634,162745.0783,1.718331403,273.7569957
35.52544479,0.889353309,162175.963,1.726626174,274.1750025
35.66255416,0.893778358,160976.7376,1.742342615,274.71009
36.36588936,0.89818674,160357.4483,1.75107395,275.0722907
36.40223823,0.90266293,159584.4056,1.761988147,275.5198379
36.87990957,0.907131329,159169.8787,1.768536651,275.8623399
37.09028519,0.911640434,158853.2096,1.774212027,276.2081243
37.50716501,0.916157962,158716.0544,1.778141124,276.5998668
37.24123736,0.920744941,158958.518,1.779450837,277.2575065
37.63979272,0.925309353,159253.7234,1.779014256,277.7181861
37.35720058,0.929989589,159682.0592,1.777267994,278.2029342
37.91479952,0.934542979,160433.3701,1.772465728,278.747873
37.35742007,0.939242079,161754.7382,1.76329782,279.5937194
38.21560887,0.943867641,162491.7454,1.758932113,280.159451
37.65572592,0.948613646,163182.1033,1.755439588,280.7448677
38.08091108,0.953315886,164039.4385,1.750637327,281.4276794
37.71920256,0.958095647,164869.1119,1.745398524,282.015286
38.15021101,0.962845012,165727.6955,1.740159695,282.6433859
38.03080939,0.967655907,166901.5326,1.733611181,283.550514
38.30193601,0.972464113,167664.6729,1.729682061,284.1786126
38.12090981,0.977327465,168453.2424,1.725752955,284.8165559
38.31209267,0.982189629,168956.9566,1.724443246,285.4129206
38.1235666,0.987102211,169721.0284,1.72269698,286.3091053
38.50959295,0.991999997,169977.1661,1.723570104,286.8387236
38.33022651,0.996911432,170672.82,1.720950702,287.5291904
38.74289319,1.001856528,170862.1142,1.723133528,288.148536
38.48940593,1.006872064,170818.773,1.727062648,288.6639237
39.091914,1.011904369,170923.8141,1.729682036,289.1957319
38.77097309,1.01697495,170945.5873,1.734484293,289.9343445
39.37347516,1.022058718,170775.4966,1.739286521,290.4092517
38.9492749,1.027187453,170545.5364,1.744525349,290.8655481
39.51597132,1.032273944,170363.1269,1.749327578,291.3185706
39.08261154,1.037402915,170168.1069,1.755439543,291.9707364
39.44446056,1.04255464,170443.4427,1.755876099,292.4828461
39.43076393,1.047757977,170825.3836,1.755439532,293.0387229
39.78178196,1.052962356,171725.6927,1.750637273,293.7488907
39.67814887,1.058224019,172520.6176,1.746271598,294.3441589
39.95671688,1.063485814,173480.7034,1.74190591,295.2261227
39.66072655,1.068813385,174206.0418,1.738413376,295.8531226
40.1457952,1.074114077,174944.7639,1.734920817,296.4888822
40.31527171,1.079463003,175735.6591,1.730991701,297.1399609
41.02516012,1.084801626,176805.7808,1.726189431,298.109468
40.88736824,1.090225177,177462.9483,1.723570029,298.7550718
41.52147569,1.095622985,177817.5994,1.723570008,299.3547232
41.29624518,1.101106768,178064.1106,1.724879719,299.997044
41.57478819,1.106583434,178064.6931,1.728372253,300.6054455
41.63599623,1.112102482,178370.3284,1.728808819,301.198528
41.89288291,1.117635753,178882.5501,1.728808811,302.0684542
41.84250422,1.12321785,179160.2871,1.729245381,302.6254245
42.34502761,1.128789995,179540.9447,1.728808797,303.2010026
42.27715595,1.134429161,180278.3156,1.727062527,304.10266
42.73887105,1.140060273,180801.2672,1.725752809,304.7329486
42.67765434,1.145755458,181429.0509,1.723569972,305.384025
43.29923907,1.15143239,181828.7674,1.723133384,305.9716392
43.43453027,1.157171101,182277.0334,1.722696812,306.6621104
43.96367989,1.162911529,182479.606,1.724443066,307.325228
43.61267419,1.168741101,182196.5889,1.731428163,308.1196461
44.39328906,1.1745223,182040.3713,1.735793817,308.6394202
44.45362481,1.180381843,181822.11,1.740596062,309.1077577
44.68632374,1.186258743,181420.4347,1.748454275,309.794946
44.20623771,1.192213902,181250.9421,1.75281997,310.2764093
44.98434085,1.198112639,181178.9833,1.756312487,310.7666387
44.89727699,1.204100237,180900.8869,1.761551305,311.2130896
45.24903658,1.210087761,180927.1987,1.7641707,311.7011262
45.31684584,1.216124769,181402.7413,1.763297562,312.3117161
45.73354814,1.22216808,182158.9993,1.760241574,313.0098482
45.72640838,1.228270727,183794.8751,1.750637081,314.0110832
46.22137633,1.234369529,185135.3633,1.742342276,314.7562681
45.98607275,1.240548986,186492.4403,1.734047495,315.5211432
46.81577441,1.246686359,188133.5614,1.72356984,316.3505893
46.64124992,1.252923369,190486.6256,1.709163107,317.6133477
47.16035148,1.259144043,191840.7615,1.701304869,318.4088674
47.01579653,1.265441401,193464.0249,1.691700381,319.2963
47.39583178,1.271734358,195067.9439,1.682532445,320.1968663
47.31538652,1.278090417,196535.9844,1.675110795,321.1652734
47.40896949,1.284466415,197838.0978,1.668998841,322.1457174
47.51836983,1.290873245,198908.8199,1.665942863,323.2990528
48.22980034,1.297270928,199409.0151,1.665942841,324.0891054
48.24010327,1.303748719,199857.0536,1.666379409,324.8693023
48.69755622,1.310228343,199875.4114,1.671618207,325.8968034
48.51216977,1.316784461,199858,1.675547325,326.5894584
49.13448748,1.32331807,199965.3433,1.678603279,327.2919706
48.96574716,1.329938681,200013.6167,1.682095829,327.9780603
49.2000243,1.336564803,200066.1617,1.686898066,328.9595997
49.05875498,1.343249942,200051.2896,1.689080911,329.3677525
49.51451954,1.349927597,200119.4788,1.69431971,330.4707566
49.44069022,1.35667503,200339.3377,1.696065984,331.177638
50.38190442,1.36338668,200658.4039,1.69693909,331.8987562
49.87673455,1.370231136,201257.7697,1.695629402,332.6658162
50.56313812,1.377028168,202530.8067,1.690827135,333.8432317
50.39603188,1.383917811,203322.5013,1.688207732,334.6529711
51.13072341,1.39078007,204210.1184,1.684715167,335.4452129
50.76542928,1.397752211,205073.6268,1.681659204,336.2779292
51.13539512,1.404708861,206424.8973,1.676856947,337.5472578
51.08318379,1.411729334,207015.2358,1.674674109,338.0746833
51.63966373,1.418743237,208572.0536,1.669435279,339.5059623
51.54664248,1.425836801,209160.72,1.668998714,340.3430587
51.62598363,1.432954119,209661.4953,1.66899871,341.1243506
52.26363833,1.440068908,209775.9822,1.672054667,341.8848584
52.26303304,1.447263367,209785.2019,1.677730047,342.985669
51.97098254,1.454513889,209472.1825,1.683405439,343.6225162
52.55824698,1.461740414,208907.6006,1.690827072,344.2057557
52.55429831,1.469043695,207773.8272,1.703924107,345.0264395
52.89174769,1.476360194,206858.0169,1.713965154,345.5440214
52.80243991,1.483742627,206209.9054,1.722259946,346.1535149
53.27852338,1.491123243,205429.8343,1.731427854,346.7411302
52.94231484,1.498596556,204949.3498,1.737976383,347.2827777
53.63863578,1.506036553,204576.013,1.74365174,347.8277194
53.26036777,1.513587464,204187.5201,1.750636839,348.6177604
53.6627409,1.521122731,204068.4212,1.754129367,349.1440971
53.86359901,1.528709553,204156.3073,1.756312201,349.7262379
53.96328102,1.536341361,205009.4815,1.754129357,350.7187191
53.87976711,1.544023965,205614.2235,1.752383089,351.3566634
54.32708768,1.551708624,206291.6014,1.750200235,352.0438543
54.26812912,1.559466548,206607.6068,1.751073374,352.7397943
54.80786912,1.567222285,207073.0019,1.751073355,353.463096
54.81218585,1.575053621,207419.1039,1.751509924,354.1054189
55.37023591,1.582886227,207753.6598,1.752819608,354.8894513
55.43158268,1.590792103,208060.0605,1.75412931,355.6318987
56.09121155,1.598696629,208340.6468,1.755002424,356.2556251
56.03722174,1.606689682,208443.4582,1.757403548,356.9313223
56.78802074,1.614667588,208351.3649,1.761550917,357.6267232
57.34646403,1.622698665,208301.5917,1.764606873,358.1793246
57.48855838,1.630798504,208285.5355,1.767226275,358.7001862
57.62023941,1.638939672,208781.1446,1.766353135,359.3633015
57.89971789,1.647111536,209238.0094,1.765916559,360.0658088
58.09009394,1.655330448,210066.2031,1.763733714,361.0539166
58.29795166,1.663589333,210875.77,1.760241165,361.730161
58.25558167,1.671906795,211925.3158,1.755002353,362.4567414
58.7078238,1.680231984,213411.5479,1.748017255,363.6057029
58.48017092,1.688645539,214503.7088,1.742778449,364.4012179
59.0264971,1.697048165,215761.3407,1.736229915,365.2022107
58.81049205,1.705545196,216847.1303,1.730991109,365.9889715
59.20942251,1.714042609,218539.7723,1.723132877,367.2550179
59.26153326,1.72260643,219037.3832,1.721386605,367.7463352
59.73581208,1.731184192,220325.8338,1.717020912,369.0736599
60.03896842,1.73981663,220956.0724,1.715711199,369.8735587
60.55112452,1.74847805,221585.6023,1.71440148,370.6340639
60.41128051,1.757227576,221867.0048,1.715711187,371.3781504
60.69069004,1.765992188,222395.4917,1.717020882,372.5030373
60.76983288,1.774814459,222731.6498,1.717894015,373.2066392
61.33775871,1.783647425,222975.3212,1.719640267,373.9310355
61.33778586,1.792563598,223430.1411,1.720949971,374.849656
62.04101321,1.80147624,223832.862,1.722259651,375.7212302
61.92112283,1.810489978,224193.6941,1.723569358,376.5265942
62.09974601,1.819528395,224757.4388,1.723569353,377.3812016
62.21965939,1.828616162,225433.48,1.722259646,378.1821918
62.60561142,1.837731235,226162.1794,1.720513362,378.9985025
62.78671678,1.846906003,227165.686,1.71789395,380.036398
63.20804741,1.856110292,228153.4702,1.715274531,381.0381844
62.81666878,1.865416316,228843.3213,1.71396484,381.8621475
63.28461922,1.874709694,229683.1704,1.711781987,382.7123801
63.17134773,1.884089469,230587.6739,1.710472287,383.8602448
63.91240909,1.893457711,230968.3053,1.711345399,384.6448262
63.76332107,1.902933912,231425.3623,1.711781971,385.4819237
64.43858906,1.912401054,231857.4769,1.712655085,386.4186054
64.39191068,1.921965155,231956.6885,1.715274493,387.1714476
64.78738426,1.931546894,231883.9254,1.720513293,388.2087947
64.68490459,1.941210781,231755.6218,1.724442405,388.9058307
65.08786115,1.950888409,231803.8127,1.727061799,389.5809844
65.22601716,1.960632702,231807.9346,1.730117768,390.2823981
65.7363792,1.970400286,232057.4951,1.732737158,391.3219373
65.6047328,1.980260887,232552.4766,1.732300594,392.0933799
66.43650111,1.990104767,233088.4488,1.731427432,392.8341943
66.3206643,2.000063017,233920.2608,1.72880803,393.6647253
66.83766486,2.010027735,235066.3071,1.724878904,394.6440821
66.95247113,2.020069963,237177.3332,1.716147547,396.078641
67.47195808,2.030134782,238707.0874,1.709599015,397.075504
67.38857279,2.040291372,240474.5004,1.7017408,398.124886
68.01546476,2.050450111,241895.8705,1.6960654,399.092206
68.02283067,2.060702266,244217.7667,1.686897479,400.6646389
68.60224749,2.070966613,245474.2584,1.682531784,401.6396182
68.53049605,2.081326987,246460.9351,1.67991238,402.5806704
69.05327804,2.091698547,248069.3785,1.675546687,404.0962058
69.04230077,2.102158643,248653.0361,1.674236985,404.7067971
69.74326591,2.112622364,249213.9801,1.675110098,405.8207464
69.63818266,2.123193776,249375.5295,1.679475778,407.1601041
70.09682324,2.133779531,249333.3887,1.683404873,408.0147142
70.30148772,2.144435715,249426.484,1.686024272,408.7861629
70.66602213,2.15513434,249577.9879,1.690389937,410.0751871
70.53177001,2.165920807,249429.6579,1.694755618,410.8838349
71.08614484,2.176714072,249389.0642,1.698248142,411.6530954
71.05013738,2.187601881,249318.6396,1.702177252,412.4497081
71.55703633,2.198507083,248692.8608,1.711345156,413.5330163
71.76499382,2.209487396,248541.2465,1.716583961,414.4620357
72.13531914,2.220511587,248584.6837,1.719639923,415.1995613
72.32744273,2.231603302,248753.2716,1.721822755,415.9535007
73.20069887,2.242703829,249139.5493,1.722695862,416.7840439
73.37115963,2.253908146,249182.7462,1.7274981,417.9286303
73.71481302,2.265156789,249084.0101,1.731427198,418.6574004
73.79782843,2.27647964,249083.8457,1.734483169,419.3522491
74.10399769,2.287843916,249388.5484,1.735792862,420.1313554
73.94801835,2.299296852,250409.6844,1.734046596,421.351439
74.53229218,2.31075643,251282.5245,1.731863739,422.2279369
74.2122599,2.322335439,252148.5897,1.730117479,423.1919647
75.33360423,2.333873624,252804.9343,1.729680875,424.1450671
75.17926343,2.345557144,253671.6627,1.727498042,425.0073324
75.81014083,2.357245345,254362.0097,1.726624887,425.8882078
75.91808321,2.369027984,255586.2199,1.724005478,427.2494533
76.41738219,2.38084283,256626.7295,1.720949489,428.2014528
76.53113963,2.392743282,257522.2539,1.718766647,429.1392257
77.00792826,2.40479832,258649.4891,1.715274091,430.1207689
76.92099389,2.416832571,259657.2236,1.713964391,431.4513728
77.45443341,2.42864217,260264.1641,1.713527806,432.3617914
77.19509037,2.44105115,261069.825,1.712218112,433.3980404
78.14486013,2.452951288,261608.8959,1.712654649,434.4627537
77.80223376,2.465490816,261678.4389,1.715274066,435.3096975
78.55711171,2.477771993,261888.9103,1.717020312,436.1719725
78.58504571,2.490164688,262246.1333,1.717893446,437.0539377
79.15007088,2.502457762,262754.8478,1.719203131,438.3703216
79.15217715,2.51497592,262775.2814,1.721822536,439.1472385
79.56645678,2.527528494,262515.1809,1.726188199,439.9143092
79.51192565,2.540176156,261976.0262,1.733173282,440.9319592
79.90370801,2.552856537,261503.9413,1.73841208,441.5928875
79.86997931,2.565629708,261036.3167,1.74408746,442.3632393
80.44577092,2.57842502,260552.9938,1.750199387,443.1642334
80.44700023,2.59132389,260556.1973,1.752818792,443.8623644
80.80960869,2.604262593,260326.3363,1.758494159,444.909562
81.05480057,2.617274217,260110.9292,1.762859826,445.5737751
81.61557368,2.630329403,259861.7286,1.767225483,446.1810877
81.42025834,2.643501859,259809.5491,1.77071803,446.8420117
81.93854905,2.656691391,259886.9721,1.774647121,447.808237
81.88644071,2.669986102,260441.07,1.774210556,448.5173098
82.6844992,2.683289197,261125.9907,1.773337394,449.2832923
82.27431945,2.696741802,261695.7416,1.773337408,450.1083499
83.15812922,2.71017304,262742.8951,1.770717973,451.0658266
83.3308155,2.723720349,263756.0192,1.767661995,451.8766682
84.10719276,2.737294167,265328.4622,1.762859726,453.1383433
84.00174541,2.75099646,266483.5899,1.758930622,454.0006106
84.54079066,2.764723205,267675.9057,1.755001496,454.9208778
84.64100128,2.778548833,269550.8629,1.74845298,456.297443
85.44399258,2.792395597,270736.4155,1.744523846,457.2056777
85.55334664,2.806359239,271722.3536,1.741904437,458.1357918
86.14148821,2.820360066,273563.0956,1.735792473,459.5626962
86.03515975,2.834478714,274283.5728,1.733609639,460.1645307
86.80481092,2.848607999,275726.4922,1.730553641,461.7161831
86.76091761,2.862863888,276280.4807,1.730553643,462.632069
87.18332136,2.877158745,276805.1261,1.730553629,463.4954337
87.35341231,2.891542377,277285.954,1.730990191,464.3949091
87.72334001,2.905984427,278555.5939,1.728807341,465.8294699
87.97002146,2.920507291,279281.1452,1.727934198,466.7256633
88.60972321,2.935075899,280010.2071,1.727061043,467.6229543
89.0096023,2.949734022,280789.0786,1.727497597,468.9480944
89.46942639,2.964461428,281146.4229,1.728807285,469.8333459
89.62780883,2.979283314,281893.5616,1.728370713,470.8706957
90.09927332,2.994158021,282395.8085,1.729243832,471.8927278
90.20351372,3.009132491,282977.4354,1.729243829,472.8326878
90.84815988,3.024145164,283479.6825,1.729680376,473.7595255
90.52438116,3.039299391,283666.1791,1.733172926,475.0080566
91.34887038,3.054450599,283411.9019,1.737538574,475.8013963
91.45557371,3.069726983,283187.1998,1.741467679,476.5411107
92.14931316,3.085039684,283529.7428,1.743650493,477.7677705
92.09195913,3.100480583,283940.7246,1.744087062,478.593927
92.81399205,3.115945419,284383.0225,1.744523606,479.4682418
92.5767594,3.131553528,284468.4547,1.747143019,480.3731813
93.3195914,3.147172641,284605.7448,1.749762398,481.3372233
93.3288162,3.162920315,284985.9349,1.750635534,482.1973029
93.49540985,3.178736118,285440.7474,1.751072096,483.0694171
93.58288891,3.194636647,286187.923,1.751072093,484.3442182
94.17996374,3.210581843,287103.3757,1.748889235,485.2962219
94.15750945,3.226649437,287673.6766,1.748452671,486.1508282
94.95940685,3.242741016,287772.6592,1.751945182,487.3260625
94.95691831,3.258968409,287725.8161,1.755001155,488.1095431
95.50565973,3.275239313,287799.9945,1.757183974,488.8602054
95.81624292,3.291608068,288386.0318,1.757183965,489.815488
96.28919071,3.308047755,289145.9344,1.756310814,490.867066
96.62223735,3.324579364,289558.0318,1.756747372,491.7348103
97.2475478,3.341173803,290328.5366,1.756747349,493.0501054
97.25166341,3.357893939,291164.2198,1.755001081,493.9353512
98.1550722,3.37463621,291881.928,1.754127915,494.846874
98.32070975,3.391513019,292977.7217,1.752381642,496.1369938
98.81108574,3.408452063,294118.5998,1.749325651,497.1305782
99.00668034,3.425496256,295248.7581,1.746269675,498.1340059
99.42126189,3.442611176,295930.7921,1.745396525,499.0291069
99.52274275,3.459833841,296548.6895,1.745396523,500.1047533
100.374049,3.477091372,296946.4764,1.747142764,501.271235
100.341447,3.494496001,297825.2702,1.746269631,502.4125347
100.9400123,3.511944596,298472.9288,1.745833043,503.3098267
101.0639353,3.529513183,299199.5109,1.744959905,504.2213366
101.9801506,3.547115445,300260.0173,1.744086739,505.6591928
102.2435283,3.564850667,301023.8044,1.743213598,506.6287002
102.35951,3.582684887,301668.6101,1.742777024,507.535833
102.5525049,3.600603196,303142.6015,1.739721048,509.004317
103.0057042,3.618593464,304249.0172,1.737101627,509.9957114
103.2598808,3.636687538,306005.8774,1.731862812,511.2464406
104.0194882,3.654837646,308197.609,1.724877709,512.6569373
104.3502509,3.673108084,309850.8416,1.720075458,513.8529557
105.2855342,3.69142864,311290.3481,1.71614632,514.9789514
105.2603015,3.709906859,313177.6555,1.711780649,516.6717522
105.604355,3.728452341,314673.8504,1.70785153,517.888561
105.9055144,3.747093759,316259.9602,1.703485848,519.0725422
106.3740331,3.765817063,317700.737,1.699993293,520.3057657
106.3545858,3.784667624,318933.9755,1.69912016,522.0324887
107.2027882,3.803553225,319327.342,1.700429835,523.0578122
107.4343743,3.822575726,319519.7362,1.703049231,524.2231908
107.9473978,3.841674258,319683.3657,1.705668619,525.4093628
108.5965546,3.860859193,319385.2987,1.710034272,526.3941981
109.1807506,3.880144667,318977.5921,1.714836494,527.34839
109.4718292,3.899546879,318299.7299,1.722258129,528.7391862
110.1580069,3.919019235,317573.9517,1.72837005,529.5456564
110.2275679,3.938631474,316766.3597,1.734918557,530.3707225
111.001155,3.958293706,315917.2665,1.742776744,531.5700295
111.2247404,3.978092194,315642.9432,1.746705842,532.4257365
111.9529229,3.997955254,315349.6846,1.750634924,533.2683192
112.0403408,4.017961857,315185.8233,1.75412746,534.2181292
112.9579365,4.038011739,315448.3947,1.755873699,535.2336042
112.8508984,4.058232395,315686.8589,1.757183405,536.0958721
113.633159,4.078493359,316324.5004,1.758056514,537.4461857
113.7213626,4.098903499,316831.1291,1.758493078,538.3850534
114.382027,4.11937664,317490.6873,1.758056489,539.2987597
114.707939,4.139975319,318643.8215,1.756746776,540.78038
115.7078997,4.160630995,319196.0458,1.756746743,541.6864319
115.5828874,4.181467365,320142.7112,1.755000478,542.7084602
116.3255234,4.202348622,321067.5747,1.753254185,543.6823507
116.4132385,4.223379432,322367.0234,1.750634778,544.9122892
117.1454414,4.244471472,322896.3046,1.751507889,545.9956059
117.0795011,4.265723882,324035.4192,1.750634756,547.4695586
117.8345783,4.287026555,324989.7103,1.748888463,548.4795604
117.7411344,4.308494083,325796.3673,1.748015331,549.520191
118.6785452,4.32999858,326722.3457,1.7480153,550.9854031
118.6795864,4.351675017,327459.6941,1.747578733,552.013999
119.3684148,4.373412912,328303.6218,1.746705576,553.060109
119.6438012,4.39528809,329075.6097,1.746269,554.0930876
120.2647401,4.417249201,329997.5142,1.74626898,555.4521521
120.33068,4.439358457,330653.5255,1.746705545,556.5693824
120.9553404,4.461539687,331785.2956,1.744959255,557.7872898
121.3185241,4.483849339,332559.6433,1.744522676,558.8498139
121.9248395,4.506254123,333038.7052,1.745395791,559.8083829
122.3104797,4.528786334,333943.9114,1.745832345,561.3578484
123.3814085,4.551384406,334876.1312,1.744522609,562.447738
123.5355353,4.574158641,335966.9361,1.742339768,563.5168214
124.4199156,4.596996897,337177.053,1.739720335,564.6099907
124.437455,4.62000902,339227.0394,1.734918096,566.3903355
125.1086407,4.643091661,340641.2396,1.731425536,567.6060541
125.6074466,4.666301804,342234.7496,1.727496415,568.9738767
125.9979896,4.689635605,343166.1045,1.726623268,570.2749421
125.9879963,4.713113903,344075.1909,1.725313567,571.4053026
126.7573848,4.736656322,346029.4447,1.72094787,573.2338039
127.237817,4.760336571,347517.3744,1.717455317,574.4670327
128.0138394,4.78411516,348611.3264,1.715709023,575.6499276
128.4784229,4.808034336,349405.0515,1.71701871,577.3886981
129.3418497,4.832045943,349334.8903,1.720074652,578.3954219
129.4350267,4.856230702,349189.7272,1.723567187,579.374778
130.216822,4.880489457,348596.1399,1.729242534,580.321316
130.2192078,4.904923261,348603.307,1.732735072,581.4494877
131.1142203,4.92941821,348887.0338,1.735354445,582.684909
131.2156674,4.954090377,348948.0768,1.740156681,584.2015413
131.892487,4.978846687,348733.665,1.744085763,585.1054011
132.1729331,5.003754249,348425.4473,1.748451425,586.0366154
133.0678879,5.028744463,348191.8122,1.7523805,586.965646
133.0785142,5.053920537,348603.4448,1.754999903,588.3958321
133.9084901,5.079166608,349297.5625,1.754999875,589.3872341
134.1205974,5.104581557,350015.7922,1.754563301,590.3370491
135.0987621,5.130071317,351231.5728,1.753690135,591.9477991
135.1701155,5.155750994,351478.5466,1.754563267,592.6207668
136.1382581,5.18149784,352010.5037,1.75674607,594.2610607
136.0905073,5.207443407,353203.1714,1.754126669,595.3651596
137.0111566,5.233452555,354328.4186,1.751943803,596.4638
137.0624653,5.259651613,355818.1868,1.748451265,597.6838922
138.0513645,5.285917636,358507.5089,1.741466159,599.5474132
138.2250476,5.31237124,360567.3035,1.735790781,600.8966284
138.8483664,5.338926607,362235.4007,1.731861657,602.2042645
139.4491872,5.365616508,364734.3985,1.726186265,604.189246
140.0766384,5.392438355,366113.4995,1.723566842,605.4191918
140.6882529,5.419395662,367770.6724,1.720510853,606.9522501
141.7694872,5.446455871,369252.435,1.717891416,608.3747908
141.7865315,5.473724616,369722.8169,1.719201116,609.5839405
142.6062704,5.5010751,369804.9946,1.721820492,610.6661649
142.8339528,5.528603109,369487.6544,1.727932424,612.2823781
143.6270137,5.556230308,368937.9567,1.733171202,613.2912888
143.9978861,5.584024919,368171.1476,1.739283129,614.2400138
145.2397331,5.611899081,367692.259,1.744085326,615.2128217
145.3690938,5.639989167,368013.1239,1.746704724,616.6933489
146.267841,5.668167367,368248.9454,1.748450963,617.7547832
146.700267,5.69651871,369062.7352,1.748450948,619.0668015
147.3433463,5.724997687,369884.5737,1.748450927,620.3427049
147.7732411,5.753633974,371077.0626,1.746704645,621.5628047
148.37382,5.782401993,372476.6546,1.744085223,622.8244828
148.8361562,5.811323527,374348.2756,1.740592672,624.5928019
149.3409425,5.840387022,375435.0094,1.739282954,625.8314997
149.8823501,5.869593675,376697.9926,1.737100102,627.0417531
150.7392949,5.899219523,377629.5817,1.737973208,628.8078862
150.8335841,5.928159773,377795.8922,1.74015604,629.8485208
151.6704752,5.958381655,378120.4417,1.74190228,630.9624823
152.0103383,5.987895926,378094.5055,1.745394805,632.193522
152.7864775,6.017827267,378323.3626,1.747577614,633.4212821
153.0479987,6.047943884,378347.9597,1.750197008,634.4892792
154.0031306,6.078163799,378135.0724,1.754999213,635.9676258
153.9465301,6.108604658,378340.1545,1.756745482,636.973243
154.9765684,6.139123434,378998.616,1.756745448,638.1047163
155.1514194,6.169853846,379503.1969,1.75718201,639.1562958
156.1006514,6.200685152,380337.0885,1.757618545,640.7692366
156.3728909,6.231717381,381095.3158,1.757181969,641.9171128
157.1080863,6.26287333,381529.0724,1.758055079,643.0113754
157.6775587,6.29419682,382082.9964,1.758928194,644.2927566
158.6475354,6.325649805,383184.1678,1.757618461,645.5555371
158.7090322,6.357322654,384931.6316,1.754999057,647.32932
159.5698901,6.389099435,386428.5461,1.75194306,648.557083
159.9794131,6.421066464,387519.49,1.750633346,649.7903151
160.9526465,6.45315498,388718.491,1.748887046,651.049814
160.9482868,6.485471351,390526.019,1.746267645,652.8826846
162.0563779,6.517873372,391626.2379,1.744957908,654.0754373
162.5432657,6.550480429,392772.0187,1.743648191,655.3393084
163.3973494,6.583225607,395603.451,1.737536227,657.3604032
163.8200822,6.61616454,396482.9512,1.736226512,658.1756325
164.7357464,6.64923462,398653.6769,1.733170514,660.3685257
165.208402,6.682500769,399451.0421,1.733170499,661.587533
166.2031328,6.715897833,400157.7813,1.733607033,662.8601629
166.7040609,6.749496089,401541.4519,1.73317045,664.8123199
167.3831643,6.783250603,402442.1,1.732733861,666.0499272
167.9331816,6.817183008,403485.1148,1.731860709,667.3805514
168.852892,6.851260061,404796.2731,1.730114412,668.7516619
169.0914449,6.885553599,405914.5623,1.730550971,670.6961538
170.0286021,6.919970765,405686.5093,1.734043475,671.7783835
170.4436446,6.954596083,405949.7677,1.736662863,673.3278553
171.3357964,6.989362171,406075.3732,1.738845667,674.4626066
171.8299037,7.024329788,406232.7985,1.741028485,675.6597332
172.9176963,7.059431847,406605.7085,1.74233815,676.8130916
172.9771003,7.094780326,407469.819,1.743211282,678.6875484
173.8924856,7.130247217,407515.0558,1.745830653,679.8430922
174.5139118,7.165912013,407520.3576,1.748450033,680.917664
175.6465869,7.201720461,407233.5607,1.751942529,681.9408121
175.8824375,7.237769866,407057.5845,1.75630819,683.5832872
177.0267283,7.273937617,407837.9477,1.755871585,684.8099646
177.312498,7.31034545,408986.4997,1.754561876,686.2795538
178.3185205,7.34688633,409896.4995,1.754125276,687.6769293
178.768287,7.383648467,411064.1536,1.752378994,688.9298605
179.5586009,7.420571496,412374.1124,1.750196134,690.2801785
179.9092347,7.457709663,413862.8813,1.748886422,692.2356166
180.9692958,7.494985285,415215.2789,1.746703553,693.5312285
181.5347194,7.53248162,416638.7542,1.744520701,694.9110956
182.4631725,7.570140944,419102.7508,1.740155003,696.9748686
182.9985755,7.608015912,420621.8082,1.737972152,698.3875631
183.9061674,7.646055187,422172.0433,1.735789288,699.8122934
184.2591678,7.684323048,423556.0172,1.734479577,701.2818824
185.1434,7.722746234,425327.676,1.732296713,702.9812717
185.5629706,7.761393876,426148.4804,1.732733267,704.2670279
186.4671423,7.800201951,427026.0259,1.73491607,706.2334156
186.965773,7.839232291,427850.8469,1.735352622,707.5815453
188.1288648,7.878412605,428706.2522,1.735352582,708.8716944
188.4858932,7.917844554,429220.2106,1.736662272,710.1760493
189.3791488,7.95743741,430646.7443,1.736225674,712.1577582
189.715314,7.99726682,431191.1645,1.737535366,713.4577357
190.8450061,8.037241407,431656.603,1.738845027,714.6756638
191.1727979,8.077471267,432671.8495,1.738845017,716.2481095
192.4947939,8.117834507,433342.5975,1.739718106,717.6597248
192.9033093,8.158462668,435253.7211,1.737535261,719.8208793
194.0645496,8.199242764,436440.1322,1.736225521,721.1876266
194.5279747,8.240276377,437313.3556,1.736225508,722.5795246
195.7220581,8.28146628,437312.5415,1.739281433,723.8259053
195.8998237,8.322932282,437794.4816,1.740591129,725.1401046
197.167968,8.364531338,437833.7429,1.744520185,726.9292338
197.8323904,8.406380252,437545.6561,1.748012698,728.0377279
198.6566642,8.448427909,437409.502,1.751068634,729.2261046
199.4675905,8.490687185,437073.0016,1.754997709,730.5009267
200.3879904,8.53315072,437157.2109,1.757617077,731.8403125
200.721738,8.575867288,436671.1402,1.763292433,733.5232784
201.9701666,8.618735186,436512.7346,1.766348355,734.5803558
202.7668379,8.661848915,436639.7496,1.768531164,735.732623
203.5310093,8.705180922,438028.2379,1.766348302,737.0829465
204.2672605,8.748731981,440079.6735,1.763292314,739.0515223
204.9984901,8.792501583,441453.9939,1.761546022,740.4062233
206.0540255,8.836468329,443641.0322,1.757180324,741.9009966
207.2036288,8.880648944,446460.7352,1.751504919,743.7388202
207.3489868,8.925119829,448672.2044,1.74713925,745.173934
208.7479279,8.969727585,451224.7041,1.743646671,747.5058149
209.168853,9.014625976,453047.7076,1.740590692,748.9786925
210.2017764,9.059707385,454953.2978,1.737534691,750.5500598
210.7891863,9.105045263,456512.3504,1.735351841,752.0141865
211.6567687,9.150591065,457380.2203,1.737098077,754.1031299
212.4181571,9.196372425,458099.294,1.737534619,755.4425176
213.5292469,9.242359259,459001.6257,1.738407716,757.320276
214.3459554,9.288596723,458912.8181,1.741463654,758.6049527
215.280462,9.335057787,458481.2471,1.745392721,759.8327238
215.9938633,9.381766858,458120.1607,1.749321796,761.1918058
216.8492104,9.428700247,458105.8596,1.752377732,762.6001259
217.3822807,9.47589095,458471.6436,1.753687415,763.8443052
218.4486588,9.523281574,459095.9047,1.755433645,765.741762
218.904234,9.570951559,460341.1546,1.754123931,767.1741533
219.9455761,9.618820254,461900.3361,1.751941064,768.6568873
220.5942789,9.666955758,463343.7091,1.750194777,770.1319595
221.8021022,9.715294086,464837.9643,1.74975817,772.2504568
222.3071103,9.763922914,466233.3612,1.748011888,773.660965
223.4445151,9.812752,468008.7013,1.745392452,775.1995089
224.3345837,9.861842794,469576.6878,1.743646157,776.7938603
225.3436978,9.911171414,471084.094,1.742336424,778.5676658
226.0105491,9.960770696,472033.7157,1.742336402,780.0394558
227.0670686,10.01059183,472711.0003,1.744519199,782.0529026
227.7188736,10.06069038,472795.0703,1.747138576,783.3780631
228.9039848,10.11100343,472525.7182,1.750631068,784.5664487
229.4737117,10.16161078,472939.5373,1.75281388,786.2313716
230.5488495,10.21243709,473971.7892,1.753250411,787.9761804
231.1826341,10.26354839,474596.3552,1.754123523,789.2619487
232.3301561,10.31488055,475122.8418,1.755433184,790.6013384
232.9501417,10.36650614,476316.5422,1.754996597,792.1748939
234.0747047,10.41835582,478169.3906,1.752377161,793.818487
235.0472724,10.47047576,481535.4526,1.746265201,796.224777
235.772502,10.52287387,484023.3298,1.741462948,797.8694539
236.5351719,10.57553201,486590.9308,1.736660693,799.6235649
237.7532902,10.62842276,490850.3317,1.728365894,802.3668832
238.1649218,10.68163232,492706.7141,1.725746483,803.9984299
239.3596633,10.73505372,494883.2666,1.722253914,805.7755228
240.0156261,10.78877973,497436.9485,1.717451663,807.5515146
241.3285465,10.8427299,501535.8171,1.710029994,810.4163016
241.6930065,10.89701547,502685.5342,1.708720284,811.6123335
242.650307,10.95153243,505511.4589,1.705664289,814.5755896
243.5401282,11.00632716,507090.7968,1.704354562,816.4008321
244.6464157,11.06138157,508463.8686,1.703481393,818.1089866
245.6002897,11.11672238,510405.3649,1.701298531,819.9922257
246.6732054,11.17233234,513282.8907,1.698242533,822.826364
247.5562363,11.22823403,515258.1017,1.696059674,824.7391482
248.7106902,11.28439713,516556.7987,1.695623071,826.4724708
249.3080447,11.34087991,517858.6827,1.695186485,828.2090723
250.8662853,11.39757978,519389.8335,1.695623001,830.8090544
251.3686477,11.45463619,520505.7987,1.694749853,832.0663711
252.7178179,11.51192055,522912.0489,1.693440111,835.05262
253.1593276,11.56955416,523195.0729,1.696059494,836.7903092
254.2802471,11.61581628,523604.5329,1.698242288,838.5334821
255.1699949,11.61865794,523680.7613,1.701298223,840.2153773
256.1927641,11.61858815,523778.7221,1.705663851,842.6183819
256.6659608,11.61855596,523788.6131,1.708719799,844.2543082
257.2890409,11.61851352,524568.4243,1.709592911,845.8935113
257.5907044,11.61849306,525603.2018,1.711339166,848.365443
258.3861504,11.61843883,526232.0701,1.712648838,849.9630692
258.3547398,11.61844116,526212.227,1.716141368,851.7291978
258.9978043,11.61839735,527675.1982,1.715704782,853.7360704
259.3885652,11.61837081,530065.8988,1.713958505,856.418101
259.7510148,11.61834619,532058.9756,1.711775662,858.2378483
259.8220245,11.61834152,534106.264,1.70959283,860.1735895
260.3351901,11.6183066,535689.0107,1.708719681,862.0480547
260.5852271,11.61828968,537242.5684,1.709592805,864.6480113
260.8252719,11.61827344,537470.9506,1.712212194,866.2292095
260.9437447,11.61826552,537619.8053,1.715268153,867.8705975
261.5618286,11.61822342,538741.0693,1.715704699,869.640016
261.424667,11.61823299,539397.6884,1.717887534,871.5090024
261.7504784,11.61821089,538973.1815,1.72268975,873.1569508
261.9530523,11.61819722,537540.4181,1.731421065,875.3301499
262.2497198,11.61817711,536030.9987,1.738406113,876.5677532
262.0417799,11.61819152,534048.4542,1.746700875,877.6849828
262.8505487,11.61813637,531673.7846,1.757615001,879.4850491
262.7025622,11.61814668,530626.9861,1.763290364,880.7204612
263.1740935,11.61811461,530748.1034,1.765473179,882.0357626
263.4357881,11.61809689,531067.4085,1.767219435,883.4451716
263.6092181,11.61808521,530798.1922,1.77158509,885.3546449
263.7110371,11.61807843,531036.8972,1.772458219,886.2869574
264.1542571,11.6180483,533178.1888,1.770275373,888.8212543
263.7364806,11.61807707,534850.8157,1.768092557,890.4527781
264.0722842,11.61805428,537166.5546,1.764163452,892.1193305
264.0417063,11.61805656,539733.3814,1.759797792,893.9193808
264.8254945,11.61800312,543152.9513,1.754558973,896.5970362
264.6217181,11.61801725,544825.1768,1.752812716,898.3117305
265.1132338,11.61798381,545464.5086,1.753685832,899.7911701
265.0318621,11.61798956,545188.7026,1.757178363,901.2027587
265.4284518,11.61796261,544348.2776,1.763726841,903.1986834
265.4553291,11.61796096,543380.2044,1.7680925,903.8979166
265.5396618,11.61795538,541292.2205,1.778570083,905.754864
265.6756209,11.61794626,539716.533,1.785555135,906.7364157
266.0705452,11.61791943,538063.357,1.792540179,907.6731036
265.8126442,11.61793726,536229.1517,1.801271508,909.2170922
265.9469379,11.61792826,535070.4563,1.806946863,910.2052022
265.8888814,11.61793242,533640.0582,1.813495355,911.1024924
266.0414943,11.61792216,533195.081,1.816987879,912.0698121
266.1682938,11.61791368,533280.982,1.820043837,913.649923
266.6656384,11.61787984,533119.9829,1.822663216,914.6960372
266.286998,11.61790593,532897.0021,1.825719191,915.8931457
266.608646,11.61788411,532723.557,1.828338576,917.0453984
266.5530875,11.6178881,532454.8261,1.830957975,917.9842708
267.0429379,11.61785477,531815.0434,1.834887052,918.8936044
266.7067645,11.61787796,530870.7791,1.840562422,920.1563692
267.0483969,11.61785477,530020.4374,1.844928071,920.9715898
267.0269785,11.61785642,529698.8426,1.847547468,921.8601296
267.2237236,11.61784315,528994.5079,1.851913122,923.0211344
266.967488,11.61786086,528749.1773,1.854095961,923.833065
267.5214551,11.61782315,529147.8492,1.854532508,924.7894555
267.1536397,11.6178485,529965.6427,1.854095955,925.9613947
267.4153343,11.61783078,530938.0216,1.853222813,927.1169278
267.1482738,11.61784924,531703.8758,1.852786257,928.138958
267.3300306,11.61783699,534401.7265,1.847547458,929.9018003
267.6483478,11.6178154,536098.9102,1.844491485,931.1230008
267.8326027,11.61780298,538547.5504,1.839252686,932.4350116
267.5996823,11.61781911,540428.9887,1.835760166,933.6780823
267.6765208,11.61781403,542901.8622,1.831831069,935.5973975
267.7025654,11.61781244,544583.9213,1.829211672,936.8995653
267.9984001,11.61779239,545794.5383,1.827901964,938.0769862
268.0685771,11.61778777,546984.4871,1.82702883,939.4283952
268.3827309,11.61776646,548003.2975,1.826592253,940.7732389
268.1173357,11.61778481,549886.7623,1.824409432,942.630183
268.395684,11.61776595,550292.0369,1.825282555,943.7189664
268.4175653,11.61776464,550746.6949,1.826155686,944.8635636
268.7258903,11.61774373,550113.4603,1.830957902,946.2904726
268.5637481,11.61775501,549769.6373,1.834013869,947.2643584
268.5689757,11.61775484,549729.5572,1.8361967,948.2721611
268.4251526,11.61776487,549335.4623,1.839252667,949.1486578
268.7751118,11.61774111,548981.4166,1.843181749,950.5547794
268.6962381,11.6177467,548501.6116,1.845801148,951.1150401
269.3043298,11.61770528,547102.7933,1.852786183,952.3362386
269.0406,11.61772351,545731.9232,1.858461551,952.9512081
269.2290183,11.6177108,543056.6341,1.868502563,953.6285516
269.122666,11.61771827,541501.2168,1.874614491,954.1144
269.0937535,11.61772043,540682.4151,1.878543586,954.7392146
269.1297904,11.61771815,540155.0424,1.881599549,955.3946769
269.5571893,11.6176891,539329.8339,1.885528626,955.9746398
269.3051172,11.61770653,538270.099,1.890767427,956.8314374
269.3869518,11.61770112,537676.4509,1.893823387,957.3993517
269.4762805,11.6176952,538148.3995,1.893823384,958.2156731
269.645547,11.6176838,538445.5666,1.894259944,958.9663309
269.594152,11.6176875,538843.7932,1.894259947,959.6600921
269.6551695,11.61768352,540658.5474,1.890767414,960.9436494
269.2665369,11.61771029,542268.5222,1.887274901,961.8792266
269.9862084,11.61766124,543323.8959,1.885528612,962.7316663
269.5942451,11.61768824,544876.4998,1.882909231,964.0480466
269.9733483,11.61766249,546368.5249,1.879853252,965.0558608
269.6763111,11.617683,547733.2077,1.877233871,966.0581893
270.1370175,11.61765167,550081.2931,1.872431624,967.5518601
269.8549686,11.61767115,551006.4313,1.870685375,968.2510785
270.1266554,11.61765275,553298.1263,1.866319701,969.9920443
269.8895716,11.61766916,555150.733,1.862390618,971.1727356
270.1117479,11.61765412,556337.4887,1.860207779,972.2199465
270.2534753,11.52241842,1.7977E+308,1.8431817,0
270.1080786,11.46436311,1.7977E+308,1.806946727,0
270.0063979,11.4063048,1.7977E+308,1.762416998,0
270.2486162,11.34822297,1.7977E+308,1.689947032,0
269.7189353,11.29019395,1.7977E+308,1.607436072,0
269.8316711,11.23212097,1.7977E+308,1.503533357,0
269.7000137,11.17406472,1.7977E+308,1.391772461,0
269.6008311,11.11600624,1.7977E+308,1.266259734,0
269.1531697,11.05797161,1.7977E+308,1.119136996,0
269.3799833,10.99989083,1.7977E+308,0.965247469,0
269.2949563,10.94183139,1.7977E+308,0.786255403,0
269.0617113,10.88378208,1.7977E+308,0.636949827,0
268.9304703,10.8257258,1.7977E+308,0.498121833,0
269.0003227,10.76765576,1.7977E+308,0.376319912,0
268.8436848,10.70960122,1.7977E+308,0.279838822,0
268.7457512,10.65154266,1.7977E+308,0.191652485,0
268.6819577,10.59348176,1.7977E+308,0.122675053,0
268.3437944,10.53543963,1.7977E+308,0.062865508,0
268.5672772,10.47735908,1.7977E+308,0.022701433,0
268.2291139,10.41931696,1.7977E+308,0.030996188,0
268.3193672,10.36124552,1.7977E+308,0.028813358,0
268.3509161,10.3031781,1.7977E+308,0.02750366,0
267.9103325,10.24514298,1.7977E+308,0.028813358,0
267.8586129,10.18708126,1.7977E+308,0.026193962,0
267.744442,10.12902381,1.7977E+308,0.021391736,0
267.6481737,10.07096513,1.7977E+308,0.017462641,0
267.3129248,10.01292281,1.7977E+308,0.016152943,0
267.5730458,9.954839752,1.7977E+308,0.015279811,0
267.1486996,9.896803523,1.7977E+308,0.013096981,0
267.2535248,9.83873109,1.7977E+308,0.011787283,0
267.0127857,9.7806823,1.7977E+308,0.010914151,0
266.9356692,9.722622314,1.7977E+308,0.010041019,0
266.7157472,9.664572099,1.7977E+308,0.007421623,0
266.5895023,9.606515475,1.7977E+308,0.004802226,0
266.552771,9.548452727,1.7977E+308,0.004802226,0
266.5072965,9.490390577,1.7977E+308,0.004802226,0
266.2715535,9.432341444,1.7977E+308,0.005675359,0
266.298939,9.374274309,1.7977E+308,0.005238793,0
265.9953321,9.31622982,1.7977E+308,0.006111925,0
266.1018227,9.258157273,1.7977E+308,0.003492528,0
265.8261108,9.200110875,1.7977E+308,0.000873132,0
265.8947142,9.14204092,1.7977E+308,0.00218283,0
265.5548856,9.083998909,1.7977E+308,0.005457076,0
265.4419636,9.025941373,1.7977E+308,0.010041019,0
265.5501196,8.967868712,1.7977E+308,0.01222385,0
265.3447695,8.9098175,1.7977E+308,0.015061529,0
265.279727,8.851756689,1.7977E+308,0.015279812,0
265.1268361,8.793701888,1.7977E+308,0.013970114,0
265.1396496,8.73563575,1.7977E+308,0.010695868,0
264.7885797,8.677594508,1.7977E+308,0.005675359,0
264.7285333,8.619533355,1.7977E+308,0.004802227,0
264.7580005,8.561466077,1.7977E+308,0.010041019,0
264.5143469,8.503417486,1.7977E+308,0.017462643,0
264.6062655,8.445345936,1.7977E+308,0.024884266,0
264.1802539,8.387309821,1.7977E+308,0.031432757,0
264.2621803,8.329238954,1.7977E+308,0.038417814,0
264.1067914,8.271184324,1.7977E+308,0.041910342,0
264.0738072,8.21312132,1.7977E+308,0.041910342,0
263.7410563,8.155078824,1.7977E+308,0.041037211,0
263.9870217,8.096996735,1.7977E+308,0.037981248,0
263.6642631,8.038953555,1.7977E+308,0.032305889,0
263.7953179,7.980879328,1.7977E+308,0.027940228,0
263.7206994,7.922819171,1.7977E+308,0.027503662,0
263.4670537,7.864771264,1.7977E+308,0.030123059,0
263.2708632,7.806719425,1.7977E+308,0.032742456,0
263.1096455,7.748665194,1.7977E+308,0.035798418,0
263.2140544,7.690592789,1.7977E+308,0.035798418,0
262.8421673,7.632552971,1.7977E+308,0.035798418,0
262.8999458,7.574483757,1.7977E+308,0.03448872,0
262.6637864,7.516434653,1.7977E+308,0.031432758,0
262.5516971,7.458377061,1.7977E+308,0.028813361,0
262.6511099,7.400304998,1.7977E+308,0.024884267,0
262.2492461,7.342267231,1.7977E+308,0.022701436,0
262.351157,7.284194997,1.7977E+308,0.024447701,0
262.1682894,7.226142247,1.7977E+308,0.028813362,0
261.9229705,7.16809377,1.7977E+308,0.031869324,0
261.9116361,7.110029284,1.7977E+308,0.034488721,0
261.7512511,7.051974995,1.7977E+308,0.034488721,0
261.7024459,6.993913073,1.7977E+308,0.033615589,0
261.6861154,6.935848929,1.7977E+308,0.032305891,0
261.2509442,6.877813441,1.7977E+308,0.028813362,0
261.202139,6.819751519,1.7977E+308,0.025320833,0
261.2132872,6.761685495,1.7977E+308,0.021391739,0
260.8980227,6.703641803,1.7977E+308,0.015716379,0
260.8725327,6.645578285,1.7977E+308,0.012660417,0
260.6030659,6.58753146,1.7977E+308,0.011350719,0
260.7191323,6.529458258,1.7977E+308,0.013096983,0
260.4146927,6.471413825,1.7977E+308,0.016152946,0
260.4558176,6.41334575,1.7977E+308,0.020955173,0
260.3553859,6.35528736,1.7977E+308,0.024884268,0
260.6196704,6.297204017,1.7977E+308,0.028376796,0
260.04211,6.239178271,1.7977E+308,0.027940231,0
259.8042852,6.181129281,1.7977E+308,0.024884268,0
259.8687252,6.123059611,1.7977E+308,0.021391739,0
259.6766981,6.065007488,1.7977E+308,0.019645475,0
259.7428035,6.006937703,1.7977E+308,0.016589512,0
259.5066441,5.948888599,1.7977E+308,0.014843248,0
259.4645004,5.890826221,1.7977E+308,0.012660417,0
259.0110101,5.832791987,1.7977E+308,0.011350719,0
259.1379015,5.774718044,1.7977E+308,0.011787285,0
259.0733428,5.716076545,1.7977E+308,0.012223851,0
258.7904855,5.65861129,1.7977E+308,0.012660417,0
258.6317658,5.600556888,1.7977E+308,0.013096983,0
258.6195987,5.542492459,1.7977E+308,0.013970116,0
258.7556497,5.484417889,1.7977E+308,0.014406682,0
258.4470466,5.426373742,1.7977E+308,0.01353355,0
258.3116422,5.368317745,1.7977E+308,0.013096984,0
258.1412649,5.31026414,1.7977E+308,0.011350719,0
258.2889734,5.252188773,1.7977E+308,0.008294756,0
258.0095144,5.194142631,1.7977E+308,0.006111926,0
257.9840244,5.136079114,1.7977E+308,0.00567536,0
257.6745886,5.078035023,1.7977E+308,0.006985058,0
257.5199649,5.020560995,1.7977E+308,0.007421624,0
257.4912116,4.961917047,1.7977E+308,0.008731323,0
257.1377111,4.903295316,1.7977E+308,0.011787285,0
257.0572639,4.845235559,1.7977E+308,0.013970116,0
257.0825677,4.787168566,1.7977E+308,0.014406682,0
256.9912955,4.72910955,1.7977E+308,0.012223852,0
256.5868661,4.671652613,1.7977E+308,0.009604455,0
256.5180764,4.613592058,1.7977E+308,0.008294757,0
256.5059094,4.555527629,1.7977E+308,0.007421624,0
256.1914775,4.49748388,1.7977E+308,0.006985058,0
256.1385089,4.439422243,1.7977E+308,0.006111926,0
256.2337583,4.381350465,1.7977E+308,0.006111926,0
256.1782916,4.323288998,1.7977E+308,0.008294757,0
255.9737742,4.265237729,1.7977E+308,0.010477587,0
255.6901517,4.207191873,1.7977E+308,0.010041021,0
255.3574008,4.149149377,1.7977E+308,0.008294757,0
255.5708915,4.091069509,1.7977E+308,0.004365661,0
255.3330667,4.033020519,1.7977E+308,0.003492529,0
255.2284715,3.974962414,1.7977E+308,0.003929095,0
254.9240319,3.916917982,1.7977E+308,0.00567536,0
254.7544873,3.85886432,1.7977E+308,0.010477588,0
254.6099233,3.80080895,1.7977E+308,0.013970117,0
254.397079,3.74275825,1.7977E+308,0.01702608,0
254.6172312,3.684677927,1.7977E+308,0.021391741,0
254.1887214,3.626641983,1.7977E+308,0.024884271,0
254.1682275,3.568578124,1.7977E+308,0.027940234,0
254.0261616,3.510522582,1.7977E+308,0.030996197,0
253.9024147,3.452465787,1.7977E+308,0.033615594,0
253.7645121,3.394409961,1.7977E+308,0.036234991,0
253.5491698,3.336359433,1.7977E+308,0.037108124,0
253.3679676,3.278306569,1.7977E+308,0.036671558,0
253.5331626,3.220230005,1.7977E+308,0.036234991,0
253.0596878,3.162197137,1.7977E+308,0.036234992,0
253.0283689,3.104134019,1.7977E+308,0.035798426,0
253.0944743,3.046064235,1.7977E+308,0.036671558,0
252.8083538,2.988018549,1.7977E+308,0.035798426,0
252.7945213,2.929954234,1.7977E+308,0.034488727,0
252.3526886,2.871919202,1.7977E+308,0.033615595,0
252.1398443,2.813868503,1.7977E+308,0.031869331,0
252.3291872,2.755790287,1.7977E+308,0.030123066,0
252.0813701,2.69774198,1.7977E+308,0.029249934,0
251.9143236,2.639688148,1.7977E+308,0.027940235,0
251.8921643,2.581624403,1.7977E+308,0.027067103,0
251.9665965,2.523554049,1.7977E+308,0.027503669,0
251.622188,2.465512351,1.7977E+308,0.029249934,0
251.5026045,2.407455271,1.7977E+308,0.032305897,0
251.0249663,2.349422689,1.7977E+308,0.033615596,0
251.061095,2.291354955,1.7977E+308,0.034925295,0
251.2479398,2.233276911,1.7977E+308,0.036234993,0
250.7128462,2.175248259,1.7977E+308,0.036234993,0
250.7398154,2.117181152,1.7977E+308,0.034488729,0
250.8567146,2.059107893,1.7977E+308,0.032305898,0
250.4148818,2.001072861,1.7977E+308,0.030559633,0
250.502637,1.943001595,1.7977E+308,0.029249935,0
250.0108431,1.884969981,1.7977E+308,0.026630538,0
249.9995087,1.826905495,1.7977E+308,0.023574574,0
249.8124777,1.76885303,1.7977E+308,0.024011141,0
249.5155322,1.710808085,1.7977E+308,0.020082045,0
249.1544699,1.652767527,1.7977E+308,0.015716383,0
249.4803732,1.594679968,1.7977E+308,0.012223854,0
248.9477777,1.536651145,1.7977E+308,0.010914155,0
248.8735756,1.478590961,1.7977E+308,0.010041023,0
248.7706458,1.420532741,1.7977E+308,0.007639909,0
248.7064359,1.362471873,1.7977E+308,0.00349253,0
248.4236461,1.30442596,1.7977E+308,0.001746265,0
248.2074711,1.246375488,1.7977E+308,0.002619397,0
247.8047745,1.188337778,1.7977E+308,0.004365662,0
247.754443,1.165115117,1.7977E+308,0.004365662,0
247.9033168,1.078727772,1.7977E+308,0.037544696,0
247.6080366,1.020682713,1.7977E+308,0.032742467,0
247.4651379,0.962627228,1.7977E+308,0.027503673,0
247.3597101,0.90456918,1.7977E+308,0.021391745,0
247.1318775,0.846519506,1.7977E+308,0.013533553,0
246.7191886,0.78848248,1.7977E+308,0.004802229,0
246.6487336,0.730422039,1.7977E+308,0.003055964,0
246.4916792,0.672367523,1.7977E+308,0.006548494,0
246.2180489,0.614320983,1.7977E+308,0.008731325,0
246.0668234,0.556266068,1.7977E+308,0.011350722,0
245.7140879,0.49822494,1.7977E+308,0.015716385,0
245.3263796,0.440186204,1.7977E+308,0.017026084,0
245.1576677,0.382132486,1.7977E+308,0.016152951,0
244.8165898,0.32409056,1.7977E+308,0.015279819,0
244.4796753,0.26604835,1.7977E+308,0.012223855,0
244.2335236,0.207999929,1.7977E+308,0.008731325,0
244.0090217,0.149950028,1.7977E+308,0.006111928,0
243.5280526,0.091917673,1.7977E+308,0.002182831,0
242.2901723,0.033937104,1.7977E+308,0.005238795,0
241.7496942,0.003780147,1.7977E+308,0.008294759,0